player_id,player_name,matches,bat_inns,not_outs,runs_scored,highest_score,ave_score,balls_faced,sr,hundreds,fifties,fours,sixes,bowl_inns,balls,runs_conceded,wkts,bowl_ave,econ,bowl_sr
30102,Zaheer Khan,138,49,27,191,26,8.68,221,86.42,0,0,17,3,137,3044,3802,139,27.35,7.49,21.8
398438,Mayank Agarwal,111,106,6,2340,111,23.4,1789,130.79,1,15,236,82,1,6,8,0,0,8,0
942645,Khaleel Ahmed,12,3,3,4,0,0,6,66.66,0,0,0,0,12,276,334,17,19.64,7.26,16.2
297628,Sam Billings,156,146,20,2925,0,23.21,2247,130.17,0,16,248,87,0,0,0,0,0,0,0
457249,Carlos Brathwaite,128,93,22,1281,0,18.04,855,149.82,0,1,75,92,124,2354,3087,119,25.94,7.86,19.7
261354,Nathan Coulter-Nile,90,51,21,417,0,13.9,332,125.6,0,0,27,26,88,1924,2490,110,22.63,7.76,17.4
379143,Quinton de Kock,141,135,10,3960,0,31.68,2957,133.91,3,20,435,141,0,0,0,0,0,0,0
44932,Jean-Paul Duminy,246,230,71,6000,0,37.73,4926,121.8,0,41,437,201,133,1736,2207,73,30.23,7.62,23.7
532851,Akhil Herwadkar,14,14,0,282,68,20.14,233,121.03,0,1,32,6,0,0,0,0,0,0,0
40618,Imran Tahir,224,40,21,186,23,9.78,169,110.05,0,0,15,7,213,4785,5649,272,20.76,7.08,17.5
642519,Shreyas Iyer,75,74,9,1868,96,28.73,1452,128.65,0,14,170,74,0,0,0,0,0,0,0
853265,Mahipal Lomror,20,20,3,412,74,24.23,342,120.46,0,2,35,11,15,169,243,4,60.75,8.62,42.2
604616,Chama Milind,27,16,7,104,26,11.55,93,111.82,0,0,7,2,27,589,736,48,15.33,7.49,12.2
31107,Amit Mishra,199,89,37,721,49,13.86,740,97.43,0,0,68,7,198,4168,4970,228,21.79,7.15,18.2
481896,Mohammed Shami,65,20,9,65,21,5.9,65,100,0,0,6,2,65,1310,1809,68,26.6,8.28,19.2
439952,Chris Morris,149,92,43,1247,0,25.44,806,154.71,0,2,0,0,147,3168,4038,182,22.18,7.64,17.4
31872,Shahbaz Nadeem,109,42,14,244,0,8.71,275,88.72,0,0,16,6,107,2296,2592,89,29.12,6.77,25.7
398439,Karun Nair,103,95,8,2170,111,24.94,1656,131.03,2,12,221,69,6,48,55,2,27.5,6.87,24
530773,Pawan Negi,94,71,27,737,0,16.75,592,124.49,0,0,53,31,83,1490,1815,79,22.97,7.3,18.8
931581,Rishabh Pant,55,55,6,1792,0,36.57,1084,165.31,2,12,169,97,0,0,0,0,0,0,0
717205,Pratyush Singh,10,9,1,90,39,11.25,84,107.14,0,0,13,0,7,60,78,4,19.5,7.8,15
425943,Sanju Samson,130,124,12,3011,102,26.88,2421,124.37,1,20,234,121,1,3,4,1,4,8,3
431213,Pawan Suyal,17,2,1,0,0,0,5,0,0,0,0,0,17,353,467,12,38.91,7.93,29.4
447587,Jayant Yadav,40,27,12,252,31,16.8,222,113.51,0,0,14,9,36,700,695,20,34.75,5.95,35
501012,Joel Paris,19,5,2,22,13,7.33,28,78.57,0,0,1,0,18,385,541,17,31.82,8.43,22.6
33335,Suresh Raina,296,280,44,7929,0,33.59,5694,139.25,4,47,709,299,116,1509,1827,53,34.47,7.26,28.4
317292,Sarabjit Ladda,13,3,1,5,5,2.5,12,41.66,0,0,1,0,13,234,328,10,32.8,8.41,23.4
500360,Akshdeep Nath,51,46,13,774,80,23.45,631,122.66,0,3,62,23,15,177,241,12,20.08,8.16,14.7
604550,Amit Mishra,24,9,4,42,0,8.4,40,105,0,0,3,2,24,515,651,34,19.14,7.58,15.1
51439,Dwayne Bravo,410,336,94,5984,0,24.72,4705,127.18,0,20,391,285,393,7930,10965,447,24.53,8.29,17.7
28160,Paras Dogra,68,66,12,1374,0,25.44,1246,110.27,0,6,96,45,0,0,0,0,0,0,0
340841,Eklavya Dwivedi,47,39,12,923,89,34.18,743,124.22,0,4,95,27,0,0,0,0,0,0,0
270484,James Faulkner,174,130,55,1651,73,22.01,1347,122.56,0,1,80,60,173,3501,4626,196,23.6,7.92,17.8
5334,Aaron Finch,239,234,27,7545,172,36.44,5249,143.74,6,52,738,313,25,221,340,7,48.57,9.23,31.5
720471,Ishan Kishan,55,52,0,1194,67,22.96,924,129.22,0,6,119,53,0,0,0,0,0,0,0
234675,Ravindra Jadeja,212,150,51,2147,48,21.68,1746,122.96,0,0,151,73,184,3272,4243,135,31.42,7.78,24.2
29655,Shadab Jakati,91,28,10,185,43,10.27,179,103.35,0,0,18,3,89,1781,2280,73,31.23,7.68,24.3
30045,Dinesh Karthik,251,224,38,5024,0,27.01,3790,132.55,0,25,497,144,1,12,10,1,10,5,12
917213,Shivil Kaushik,10,2,1,0,0,0,1,0,0,0,0,0,10,204,297,6,49.5,8.73,34
277955,Dhawal Kulkarni,118,36,22,178,0,12.71,179,99.44,0,0,12,4,117,2354,3075,123,25,7.83,19.1
30732,Praveen Kumar,177,86,30,687,0,12.26,594,115.65,0,1,52,31,177,3695,4599,143,32.16,7.46,25.8
37737,Brendon McCullum,356,351,33,9620,0,30.25,7011,137.21,7,51,902,473,1,6,13,0,0,13,0
279545,Pradeep Sangwan,88,41,20,235,29,11.19,215,109.3,0,0,22,7,87,1828,2329,84,27.72,7.64,21.7
34997,Jaydev Shah,36,35,1,551,49,16.2,512,107.61,0,0,53,20,5,75,106,7,15.14,8.48,10.7
596945,Umang Sharma,28,22,3,386,95,20.31,285,135.43,0,1,32,17,2,24,36,0,0,9,0
53118,Dwayne Smith,326,318,26,7777,0,26.63,6094,127.61,5,46,750,372,168,2184,2959,105,28.18,8.12,20.8
47492,Dale Steyn,188,57,24,275,0,8.33,248,110.88,0,0,22,8,185,4175,4645,212,21.91,6.67,19.6
587152,Pravin Tambe,61,13,9,38,0,9.5,72,52.77,0,0,1,1,61,1302,1529,67,22.82,7.04,19.4
459508,Andrew Tye,105,43,16,303,42,11.22,258,117.44,0,0,17,17,104,2366,3071,155,19.81,7.78,15.2
237095,Murali Vijay,154,152,5,3739,127,25.43,3076,121.55,2,20,347,133,7,60,70,0,0,7,0
297583,Kyle Abbott,118,42,23,231,29,12.15,212,108.96,0,0,15,7,116,2468,3372,114,29.57,8.19,21.6
43906,Hashim Amla,139,138,14,4121,0,33.23,3199,128.82,2,27,439,89,2,2,5,0,0,15,0
376324,Anureet Singh,57,28,14,172,0,12.28,165,104.24,0,0,11,7,56,1117,1538,51,30.15,8.26,21.9
960369,Armaan Jaffer,1,1,0,27,27,27,16,168.75,0,0,4,1,0,0,0,0,0,0,0
44410,Farhaan Behardien,156,130,53,2865,0,37.2,2133,134.31,0,11,175,114,12,115,176,5,35.2,9.18,23
777537,KC Cariappa,17,6,3,21,0,7,26,80.76,0,0,0,1,17,366,503,15,33.53,8.24,24.4
290727,Rishi Dhawan,76,60,28,992,0,31,869,114.15,0,2,91,15,71,1426,1779,54,32.94,7.48,26.4
537124,Gurkeerat Singh Mann,78,67,12,1150,0,20.9,934,123.12,0,5,126,32,13,144,176,6,29.33,7.33,24
6033,Mitchell Johnson,112,52,27,320,30,12.8,304,105.26,0,0,23,10,111,2494,3172,123,25.78,7.63,20.2
321777,David Miller,265,240,76,5929,0,36.15,4265,139.01,3,27,432,258,3,18,31,0,0,10.33,0
554700,Nikhil Naik,26,25,3,562,0,25.54,436,128.89,0,4,39,23,0,0,0,0,0,0,0
554691,Axar Patel,101,74,23,1034,44,20.27,785,131.71,0,0,62,47,100,2134,2536,92,27.56,7.13,23.1
279810,Wriddhiman Saha,175,148,31,2840,0,24.27,2181,130.21,1,14,251,100,0,0,0,0,0,0,0
34155,Pardeep Sahu,15,11,4,134,27,19.14,118,113.55,0,0,9,4,7,129,165,4,41.25,7.67,32.2
438362,Sandeep Sharma,94,23,18,61,0,12.2,68,89.7,0,0,5,0,94,2042,2570,109,23.57,7.55,18.7
537119,Mohit Sharma,110,33,16,142,0,8.35,135,105.18,0,0,9,5,109,2192,3053,109,28,8.35,20.1
232292,Swapnil Singh,38,28,12,343,44,21.43,268,127.98,0,0,21,17,35,672,826,35,23.6,7.37,19.2
475281,Shardul Thakur,54,12,4,54,0,6.75,43,125.58,0,0,5,1,54,1120,1579,60,26.31,8.45,18.6
532856,Manan Vohra,86,82,4,2034,95,26.07,1597,127.36,0,11,209,65,0,0,0,0,0,0,0
6683,Shaun Marsh,166,163,23,5491,115,39.22,4269,128.62,2,42,536,174,2,12,13,0,0,6.5,0
325026,Glenn Maxwell,219,207,24,4606,0,25.16,2961,155.55,2,23,388,239,142,1761,2317,74,31.31,7.89,23.7
325012,Marcus Stoinis,68,55,12,906,99,21.06,756,119.84,0,3,69,26,57,880,1271,43,29.55,8.66,20.4
28763,Gautam Gambhir,251,245,24,6402,93,28.96,5309,120.58,0,53,747,90,0,0,0,0,0,0,0
32966,Piyush Chawla,208,120,40,1151,0,14.38,944,121.92,0,0,98,42,207,4290,5379,218,24.67,7.52,19.6
5681,Brad Hogg,141,47,24,351,54,15.26,333,105.4,0,1,18,8,137,3005,3465,140,24.75,6.91,21.4
391485,Jason Holder,84,59,16,638,54,14.83,498,128.11,0,1,47,32,83,1647,2131,61,34.93,7.76,27
237696,Sheldon Jackson,41,40,3,726,0,19.62,698,104.01,0,3,78,19,0,0,0,0,0,0,0
559235,Kuldeep Yadav,74,14,8,90,0,15,102,88.23,0,0,8,0,73,1575,1962,97,20.22,7.47,16.2
326637,Chris Lynn,131,125,17,3558,101,32.94,2469,144.1,1,23,282,203,7,78,93,3,31,7.15,26
339955,Manan Sharma,26,13,5,131,20,16.37,165,79.39,0,0,9,2,24,489,495,32,15.46,6.07,15.2
46538,Morne Morkel,174,48,25,207,0,9,183,113.11,0,0,16,7,172,3874,4880,190,25.68,7.55,20.3
232359,Colin Munro,196,183,27,4741,0,30.39,3223,147.09,4,27,375,263,45,434,684,20,34.2,9.45,21.7
230558,Sunil Narine,299,157,39,1694,79,14.35,1152,147.04,0,6,154,101,294,6840,6784,342,19.83,5.95,20
290630,Manish Pandey,194,180,34,4143,0,28.37,3474,119.25,1,20,349,112,10,168,212,10,21.2,7.57,16.8
32498,Yusuf Pathan,247,219,54,4561,100,27.64,3199,142.57,1,21,360,232,136,2157,2763,96,28.78,7.68,22.4
591650,Ankit Rajpoot,54,11,5,29,8,4.83,43,67.44,0,0,4,0,54,1078,1351,68,19.86,7.51,15.8
276298,Andre Russell,268,222,54,4107,0,24.44,2454,167.35,2,13,283,302,248,4548,6209,244,25.44,8.19,18.6
33870,Rajagopal Sathish,67,53,15,722,0,19,560,128.92,0,0,62,23,37,541,633,24,26.37,7.02,22.5
56143,Shakib Al Hasan,277,252,42,4350,0,20.71,3558,122.25,0,15,401,112,271,5799,6600,313,21.08,6.82,18.5
8076,Shaun Tait,171,53,25,163,26,5.82,201,81.09,0,0,8,7,167,3674,4891,218,22.43,7.98,16.8
390484,Jaydev Unadkat,110,35,18,256,0,15.05,201,127.36,0,0,16,13,109,2331,3054,134,22.79,7.86,17.3
35582,Robin Uthappa,232,225,20,5898,92,28.77,4383,134.56,0,33,603,205,1,6,11,0,0,11,0
446507,Suryakumar Yadav,112,95,26,1836,72,26.6,1361,134.9,0,7,174,67,10,132,140,6,23.33,6.36,22
376116,Umesh Yadav,129,37,21,130,0,8.12,120,108.33,0,0,9,7,127,2683,3663,136,26.93,8.19,19.7
228622,John Hastings,106,74,22,877,0,16.86,568,154.4,0,3,62,52,104,2163,2866,116,24.7,7.95,18.6
34102,Rohit Sharma,289,277,44,7550,118,32.4,5672,133.11,5,52,656,313,57,628,817,29,28.17,7.8,21.6
277662,Corey Anderson,122,106,21,2337,0,27.49,1635,142.93,0,10,153,141,54,783,1183,32,36.96,9.06,24.4
625383,Jasprit Bumrah,126,20,13,69,0,9.85,76,90.78,0,0,4,3,126,2792,3351,147,22.79,7.2,18.9
308967,Jos Buttler,234,213,41,5124,0,29.79,3545,144.54,0,33,425,215,0,0,0,0,0,0,0
446499,Unmukt Chand,67,65,4,1325,125,21.72,1153,114.91,3,3,125,55,0,0,0,0,0,0,0
393279,Marchant de Lange,75,27,13,159,0,11.35,119,133.61,0,0,14,5,72,1519,2160,86,25.11,8.53,17.6
344580,Shreyas Gopal,27,12,3,153,39,17,133,115.03,0,0,11,4,24,433,556,26,21.38,7.7,16.6
226492,Martin Guptill,213,208,19,6167,0,32.62,4810,128.21,4,40,534,265,2,12,19,0,0,9.5,0
29264,Harbhajan Singh,251,149,49,1501,78,15.01,1154,130.06,0,2,141,73,239,5123,5744,219,26.22,6.72,23.3
919241,Kishore Kamath,0,0,0,0,0,0,0,0,0,0,0,0,0,0,0,0,0,0,0
422342,Siddhesh Lad,24,20,4,464,82,29,385,120.51,0,2,45,13,11,150,189,7,27,7.56,21.4
319439,Mitchell McClenaghan,166,61,30,207,20,6.67,170,121.76,0,0,13,12,163,3557,4996,199,25.1,8.42,17.8
625371,Hardik Pandya,114,94,29,1705,0,26.23,1293,131.86,0,6,112,91,106,1747,2310,87,26.55,7.93,20
471342,Krunal Pandya,62,50,14,967,86,26.86,658,146.96,0,2,84,41,59,1074,1246,51,24.43,6.96,21
32242,Parthiv Patel,182,179,12,3820,82,22.87,3120,122.43,0,21,493,67,0,0,0,0,0,0,0
230559,Kieron Pollard,431,388,107,8511,104,30.28,5632,151.11,1,42,548,550,287,4486,6112,255,23.96,8.17,17.5
807791,Deepak Punia,13,11,5,102,0,17,91,112.08,0,0,5,5,13,258,354,15,23.6,8.23,17.2
604527,Nitish Rana,62,57,6,1393,97,27.31,1027,135.63,0,8,116,73,16,151,204,8,25.5,8.1,18.8
33141,Ambati Rayudu,195,184,24,4235,0,26.46,3362,125.96,1,23,360,148,0,0,0,0,0,0,0
721867,Jitesh Sharma,25,25,0,707,106,28.28,536,131.9,1,5,83,15,1,6,5,0,0,5,0
853259,Nathu Singh,16,4,2,1,0,0.5,5,20,0,0,0,0,16,344,333,23,14.47,5.8,14.9
232364,Tim Southee,161,79,23,659,74,11.76,439,150.11,0,2,54,35,157,3431,4754,177,26.85,8.31,19.3
527663,Jagadeesha Suchith,31,15,6,102,0,11.33,88,115.9,0,0,6,4,30,564,709,27,26.25,7.54,20.8
53191,Jerome Taylor,101,41,19,228,21,10.36,194,117.52,0,0,16,12,100,2152,2952,126,23.42,8.23,17
35731,Vinay Kumar,164,81,31,755,68,15.1,601,125.62,0,1,53,30,163,3358,4474,170,26.31,7.99,19.7
269520,Akshay Wakhare,30,9,3,67,0,11.16,60,111.66,0,0,5,2,30,600,690,28,24.64,6.9,21.4
49758,Lasith Malinga,263,79,33,357,0,7.76,349,102.29,0,0,23,19,258,5801,6696,353,18.96,6.92,16.4
53116,Lendl Simmons,219,216,22,5649,0,29.11,4877,115.82,1,43,533,226,32,376,547,22,24.86,8.72,17
28081,MS Dhoni,297,266,108,6075,0,38.44,4461,136.18,0,24,420,267,1,12,25,0,0,12.5,0
422992,Ankit Sharma,57,32,8,258,41,10.75,232,111.2,0,0,24,8,54,1015,1225,42,29.16,7.24,24.1
477071,Baba Aparajith,33,31,4,646,0,23.92,602,107.3,0,1,51,12,13,152,157,7,22.42,6.19,21.7
528067,Murugan Ashwin,32,11,3,74,0,9.25,88,84.09,0,0,3,2,32,665,823,35,23.51,7.42,19
26421,Ravichandran Ashwin,210,72,30,587,46,13.97,512,114.64,0,0,53,14,207,4478,5112,210,24.34,6.84,21.3
4451,George Bailey,184,167,40,3591,0,28.27,2779,129.21,0,20,307,102,1,12,24,0,0,12,0
604534,Ankush Bains,30,28,2,538,57,20.69,524,102.67,0,3,58,10,0,0,0,0,0,0,0
26907,Rajat Bhatia,140,89,37,1149,0,22.09,973,118.08,1,1,77,41,132,2406,2883,105,27.45,7.18,22.9
446548,Scott Boland,30,10,7,28,0,9.33,27,103.7,0,0,2,0,30,649,908,36,25.22,8.39,18
447261,Deepak Chahar,38,21,8,148,39,11.38,104,142.3,0,0,8,10,38,774,969,40,24.22,7.51,19.3
227712,Ashok Dinda,133,33,14,82,22,4.31,120,68.33,0,0,5,0,130,2695,3441,132,26.06,7.66,20.4
334337,Peter Handscomb,52,44,12,698,0,21.81,615,113.49,1,2,49,17,0,0,0,0,0,0,0
543922,Jaskaran Singh,15,3,3,18,0,0,11,163.63,0,0,2,0,15,312,418,12,34.83,8.03,26
215155,Usman Khawaja,65,64,5,1870,0,31.69,1472,127.03,2,9,226,31,0,0,0,0,0,0,0
46248,Albie Morkel,309,245,90,4069,0,26.25,2948,138.02,0,11,255,236,280,4924,6246,245,25.49,7.61,20
447439,Ishwar Pandey,55,15,4,69,0,6.27,56,123.21,0,0,7,2,53,1118,1319,51,25.86,7.07,21.9
32685,Irfan Pathan,172,135,51,1916,0,22.8,1537,124.65,0,2,140,67,167,3475,4378,169,25.9,7.55,20.5
233514,Thisara Perera,242,204,57,2917,84,19.84,2006,145.41,0,6,206,157,222,3941,5591,216,25.88,8.51,18.2
277916,Ajinkya Rahane,176,169,19,4537,0,30.24,3828,118.52,1,34,465,85,1,6,5,1,5,5,6
236779,Ishant Sharma,113,29,21,55,9,6.87,74,74.32,0,0,4,1,113,2437,3189,88,36.23,7.85,27.6
35280,RP Singh,132,50,25,108,18,4.32,148,72.97,0,0,4,2,131,2903,3638,146,24.91,7.51,19.8
35390,Saurabh Tiwary,136,118,30,2582,69,29.34,2123,121.62,0,11,199,98,0,0,0,0,0,0,0
379504,Adam Zampa,97,36,13,119,15,5.17,140,85,0,0,10,1,95,1959,2381,109,21.84,7.29,17.9
44828,Faf du Plessis,180,165,17,4063,119,27.45,3259,124.67,1,21,359,115,52,790,917,50,18.34,6.96,15.8
272450,Mitchell Marsh,67,60,16,1365,0,31.02,1114,122.53,0,6,78,64,53,803,1117,42,26.59,8.34,19.1
19296,Kevin Pietersen,200,193,25,5695,0,33.89,4160,136.89,3,35,495,220,30,396,534,17,31.41,8.09,23.2
267192,Steven Smith,162,143,32,3309,101,29.81,2637,125.48,1,12,286,77,51,818,1052,54,19.48,7.71,15.1
253802,Virat Kohli,247,234,44,7744,113,40.75,5808,133.33,4,56,718,243,44,454,661,8,82.62,8.73,56.7
360911,Varun Aaron,65,23,13,105,0,10.5,140,75,0,0,10,2,63,1368,1917,64,29.95,8.4,21.3
228430,Abu Nechim,61,30,11,185,20,9.73,148,125,0,0,11,10,60,1195,1525,59,25.84,7.65,20.2
290632,Sreenath Aravind,84,27,18,105,0,11.66,105,100,0,0,11,0,83,1714,2243,103,21.77,7.85,16.6
27223,Stuart Binny,131,101,29,1371,49,19.04,1099,124.74,0,0,99,51,100,1231,1569,61,25.72,7.64,20.1
430246,Yuzvendra Chahal,132,24,16,47,10,5.87,73,64.38,0,0,1,0,130,2755,3425,150,22.83,7.45,18.3
44936,AB de Villiers,251,233,45,6649,0,35.36,4495,147.91,3,45,549,299,0,0,0,0,0,0,0
777515,Praveen Dubey,6,6,2,37,0,9.25,37,100,0,0,3,1,6,111,123,10,12.3,6.64,11.1
51880,Chris Gayle,353,345,46,12052,0,40.3,8127,148.29,21,75,919,890,128,1897,2387,79,30.21,7.54,24
530011,Travis Head,69,67,12,1745,0,31.72,1275,136.86,1,8,119,77,30,307,448,17,26.35,8.75,18
277237,Iqbal Abdulla,88,32,18,177,0,12.64,184,96.19,0,0,12,4,86,1749,2035,79,25.75,6.98,22.1
290716,Kedar Jadhav,105,94,24,1664,69,23.77,1221,136.28,0,8,144,59,4,60,88,4,22,8.8,15
288992,Chris Jordan,134,84,36,811,0,16.89,675,120.14,0,0,58,30,129,2615,3661,137,26.72,8.4,19
528730,Akshay Karnewar,18,14,3,164,42,14.9,113,145.13,0,0,17,5,17,293,383,13,29.46,7.84,22.5
642525,Sarfaraz Khan,45,36,13,453,0,19.69,314,144.26,0,1,44,15,0,0,0,0,0,0,0
31738,Vikramjeet Malik,41,18,3,189,48,12.6,167,113.17,0,0,20,5,41,827,1012,44,23,7.34,18.7
398506,Mandeep Singh,136,122,19,2677,0,25.99,2141,125.03,0,11,288,63,18,213,220,14,15.71,6.19,15.2
378496,Parvez Rasool,46,38,5,553,52,16.75,571,96.84,0,1,47,11,46,984,1117,36,31.02,6.81,27.3
390481,Harshal Patel,77,44,14,392,73,13.06,270,145.18,0,1,29,26,75,1556,2050,74,27.7,7.9,21
422108,Lokesh Rahul,86,75,13,2405,0,38.79,1718,139.98,2,17,210,100,0,0,0,0,0,0,0
272262,Kane Richardson,76,25,8,228,45,13.41,194,117.52,0,0,12,10,74,1604,2187,83,26.34,8.18,19.3
432783,Sachin Baby,63,48,5,913,79,21.23,700,130.42,0,3,83,22,9,94,133,3,44.33,8.48,31.3
379145,Tabraiz Shamsi,97,22,12,51,0,5.1,93,54.83,0,0,1,1,93,1982,2418,99,24.42,7.31,20
474519,Vikas Tokas,16,5,4,9,0,9,8,112.5,0,0,1,0,16,283,385,16,24.06,8.16,17.6
8180,Shane Watson,273,265,30,7010,0,29.82,5021,139.61,5,40,604,371,230,4423,5828,215,27.1,7.9,20.5
221140,David Wiese,172,114,45,1444,0,20.92,992,145.56,0,4,103,74,147,2455,3420,137,24.96,8.35,17.9
51433,Samuel Badree,197,59,39,183,0,9.15,225,81.33,0,0,7,5,194,4125,4144,187,22.16,6.02,22
450860,Adam Milne,82,30,21,165,0,18.33,137,120.43,0,0,12,3,79,1736,2224,96,23.16,7.68,18
311592,Mitchell Starc,85,28,13,124,29,8.26,142,87.32,0,0,11,0,84,1860,2215,127,17.44,7.14,14.6
219889,David Warner,252,251,27,7888,0,35.21,5539,142.4,6,60,784,323,1,6,13,0,0,13,0
389605,Ashish Reddy,74,59,15,614,37,13.95,477,128.72,0,0,34,28,52,904,1201,54,22.24,7.97,16.7
642531,Ricky Bhui,28,28,7,598,0,28.47,504,118.65,0,5,44,27,0,0,0,0,0,0,0
35928,Bipul Sharma,88,65,24,871,0,21.24,634,137.38,0,2,57,38,76,1404,1511,65,23.24,6.45,21.6
277912,Trent Boult,88,19,11,36,0,4.5,59,61.01,0,0,0,0,88,1895,2651,98,27.05,8.39,19.3
230371,Ben Cutting,113,89,23,1409,71,21.34,932,151.18,0,1,75,95,107,1975,2945,91,32.36,8.94,21.7
28235,Shikhar Dhawan,217,216,25,6075,0,31.8,4941,122.95,0,46,690,139,6,48,66,4,16.5,8.25,12
5961,Moises Henriques,176,157,37,3219,77,26.82,2557,125.88,0,15,258,89,142,2336,3238,107,30.26,8.31,21.8
497121,Deepak Hooda,88,71,15,1189,108,21.23,849,140.04,1,5,73,56,31,379,496,10,49.6,7.85,37.9
326017,Siddarth Kaul,85,28,19,66,0,7.33,76,86.84,0,0,4,0,85,1839,2226,94,23.68,7.26,19.5
326016,Bhuvneshwar Kumar,141,50,23,239,0,8.85,242,98.76,0,0,20,4,141,3098,3663,156,23.48,7.09,19.8
310958,Abhimanyu Mithun,53,25,8,92,0,5.41,77,119.48,0,0,9,3,53,988,1403,48,29.22,8.52,20.5
24598,Eoin Morgan,260,246,32,5518,90,25.78,4316,127.84,0,28,430,233,0,0,0,0,0,0,0
330902,Mustafizur Rahman,73,22,13,31,8,3.44,67,46.26,0,0,1,2,73,1636,1967,93,21.15,7.21,17.5
32102,Naman Ojha,170,150,20,2706,0,20.81,2301,117.6,0,13,237,127,0,0,0,0,0,0,0
477021,Vijay Shankar,59,45,15,818,69,27.26,648,126.23,0,4,55,29,36,477,710,17,41.76,8.93,28
30288,Karn Sharma,119,82,24,1138,67,19.62,925,123.02,0,2,79,48,109,2027,2483,101,24.58,7.34,20
537126,Barinder Sran,37,14,10,56,19,14,47,119.14,0,0,6,1,37,759,1034,40,25.85,8.17,18.9
34281,Tirumalasetti Suman,75,72,9,1546,100,24.53,1230,125.69,1,5,145,65,31,426,563,17,33.11,7.92,25
333904,Aditya Tare,84,76,13,1689,79,26.8,1280,131.95,0,8,181,52,0,0,0,0,0,0,0
277906,Kane Williamson,163,155,19,4088,0,30.05,3309,123.54,1,27,390,95,53,758,885,30,29.5,7,25.2
36084,Yuvraj Singh,223,208,27,4686,83,25.88,3632,129.01,0,26,368,253,126,1561,1936,80,24.2,7.44,19.5
31820,Ashish Nehra,132,28,15,69,0,5.3,102,67.64,0,0,4,3,132,2845,3653,162,22.54,7.7,17.5
506612,Matt Henry,76,42,15,357,42,13.22,219,163.01,0,0,22,25,73,1458,2136,70,30.51,8.79,20.8
5939,Michael Hussey,161,149,27,4569,0,37.45,3658,124.9,1,35,423,121,1,6,5,0,0,5,0
31001,Mithun Manhas,91,72,18,1170,52,21.66,1119,104.55,0,1,102,21,9,110,148,5,29.6,8.07,22
424219,Ronit More,11,4,2,10,4,5,16,62.5,0,0,1,0,11,209,267,6,44.5,7.66,34.8
272994,Rahul Sharma,74,35,9,131,0,5.03,133,98.49,0,0,10,5,74,1590,1886,80,23.57,7.11,19.8
529436,Srikar Bharat,31,29,2,369,51,13.66,406,90.88,0,1,34,9,0,0,0,0,0,0,0
302208,Chidhambaram Gautam,48,41,11,511,0,17.03,469,108.95,0,1,49,13,0,0,0,0,0,0,0
857781,KK Jiyas,0,0,0,0,0,0,0,0,0,0,0,0,0,0,0,0,0,0,0
49764,Angelo Mathews,153,130,35,2435,0,25.63,2021,120.48,0,9,171,77,117,2037,2507,79,31.73,7.38,25.7
528985,Domnic Muthuswami,27,8,5,11,4,3.66,21,52.38,0,0,0,0,27,532,669,32,20.9,7.54,16.6
499660,Gurinder Sandhu,35,10,4,37,0,6.16,40,92.5,0,0,3,1,34,717,971,32,30.34,8.12,22.4
35565,Manoj Tiwary,160,141,39,3055,0,29.95,2613,116.91,0,15,255,77,39,540,734,33,22.24,8.15,16.3
323131,Parvinder Awana,61,13,8,22,0,4.4,43,51.16,0,0,2,1,61,1359,1723,77,22.37,7.6,17.6
29048,Yogesh Golwalkar,0,0,0,0,0,0,0,0,0,0,0,0,0,0,0,0,0,0,0
379927,Beuran Hendricks,48,8,5,21,0,7,31,67.74,0,0,0,1,47,969,1377,65,21.18,8.52,14.9
322535,Karanveer Singh,15,6,4,36,0,18,54,66.66,0,0,3,0,15,302,451,18,25.05,8.96,16.7
35263,Virender Sehwag,159,157,6,4061,122,26.89,2747,147.83,2,24,487,147,28,358,496,22,22.54,8.31,16.2
717201,Shivam Sharma,8,4,1,17,12,5.66,18,94.44,0,0,3,0,8,163,215,9,23.88,7.91,18.1
39024,Azhar Mahmood,230,207,47,4091,0,25.56,3023,135.32,2,18,383,138,229,4825,6143,258,23.81,7.63,18.7
44149,Johan Botha,205,148,47,1961,0,19.41,1733,113.15,0,2,0,0,197,4079,4405,155,28.41,6.47,26.3
489889,Pat Cummins,69,37,15,293,39,13.31,239,122.59,0,0,16,14,69,1568,2051,81,25.32,7.84,19.3
725435,Aditya Garhwal,21,21,2,368,52,19.36,273,134.79,0,1,47,10,7,96,102,6,17,6.37,16
32084,Sumit Narwal,33,21,8,277,42,21.3,170,162.94,0,0,20,15,32,643,824,27,30.51,7.68,23.8
528967,Veer Pratap Singh,14,2,0,1,1,0.5,3,33.33,0,0,0,0,14,300,417,14,29.78,8.34,21.4
590325,Vaibhav Rawal,5,5,2,97,0,32.33,61,159.01,0,0,7,4,0,0,0,0,0,0,0
47660,Ryan ten Doeschate,320,282,63,6416,0,29.29,4757,134.87,2,27,397,270,134,2089,2845,109,26.1,8.17,19.1
355269,James Neesham,94,73,21,1337,0,25.71,970,137.83,0,4,96,59,82,1472,2183,84,25.98,8.89,17.5
4498,Aiden Blizzard,98,94,11,2043,89,24.61,1541,132.57,0,10,226,64,1,6,10,0,0,10,0
249866,Alex Hales,191,190,12,5174,0,29.06,3636,142.29,2,32,582,181,2,3,7,0,0,14,0
5941,Ben Hilfenhaus,96,41,19,205,0,9.31,210,97.61,0,0,10,8,96,2050,2598,117,22.2,7.6,17.5
32130,Pragyan Ojha,142,38,20,75,0,4.16,108,69.44,0,0,0,3,139,2897,3492,156,22.38,7.23,18.5
288284,Josh Hazlewood,30,5,3,11,0,5.5,23,47.82,0,0,0,0,30,695,901,37,24.35,7.77,18.7
32091,Abhishek Nayar,95,80,20,1291,79,21.51,1043,123.77,0,3,107,49,46,679,927,27,34.33,8.19,25.1
278482,Dinesh Salunkhe,6,3,1,33,0,16.5,24,137.5,0,0,5,0,5,48,78,1,78,9.75,48
423838,Rahul Tewatia,25,18,6,303,42,25.25,206,147.08,0,0,29,12,23,402,467,19,24.57,6.97,21.1
223642,Rusty Theron,120,49,25,228,0,9.5,212,107.54,0,0,13,8,119,2585,3106,135,23,7.2,19.1
856285,Sagar Trivedi,8,2,0,4,3,2,5,80,0,0,0,0,8,186,270,10,27,8.7,18.6
36071,Dishant Yagnik,56,46,11,662,70,18.91,566,116.96,0,3,70,18,0,0,0,0,0,0,0
398666,Sean Abbott,64,42,9,318,39,9.63,302,105.29,0,0,20,11,63,1125,1641,69,23.78,8.75,16.3
26806,S Badrinath,142,110,30,2300,0,28.75,2040,112.74,0,13,217,42,2,18,22,1,22,7.33,18
474794,Shishir  Bhavane,1,1,0,23,23,23,17,135.29,0,0,4,0,0,0,0,0,0,0,0
27280,Manvinder  Bisla,65,64,3,1324,92,21.7,1196,110.7,0,6,143,35,0,0,0,0,0,0,0
333780,Nic Maddinson,89,84,8,1801,85,23.69,1373,131.17,0,10,172,75,2,12,23,0,0,11.5,0
318845,Rilee Rossouw,137,132,11,3203,78,26.47,2441,131.21,0,16,324,104,2,11,13,1,13,7.09,11
53115,Darren Sammy,281,237,70,3489,0,20.89,2469,141.31,0,6,229,214,214,3381,4467,157,28.45,7.92,21.5
592735,Sandeep Warrier,34,7,4,13,0,4.33,30,43.33,0,0,1,0,34,727,888,33,26.9,7.32,22
237199,Jalaj Saxena,48,42,7,585,0,16.71,664,88.1,0,1,58,5,40,719,844,41,20.58,7.04,17.5
35357,Yogesh Takawale,32,26,3,672,89,29.21,614,109.44,0,4,64,18,0,0,0,0,0,0,0
554699,Vijay Zol,16,15,0,418,109,27.86,334,125.14,1,2,49,11,0,0,0,0,0,0,0
10582,Ravi Bopara,309,285,57,6210,0,27.23,5162,120.3,1,31,483,177,238,4169,5214,206,25.31,7.5,20.2
32211,Padmanabhan Prasanth,49,37,19,316,0,17.55,239,132.21,0,0,22,17,49,1051,1098,64,17.15,6.26,16.4
34019,Laxmi Shukla,81,64,16,994,76,20.7,824,120.63,0,3,72,40,60,976,1157,47,24.61,7.11,20.7
452044,Hanuma Vihari,65,64,7,1219,81,21.38,1097,111.12,0,4,104,26,26,360,439,21,20.9,7.31,17.1
5766,David Hussey,267,251,48,6097,0,30.03,4577,133.2,1,31,424,239,110,1438,1792,68,26.35,7.47,21.1
451947,Milind Kumar,41,35,9,723,58,27.8,658,109.87,0,2,73,9,17,172,237,3,79,8.26,57.3
265564,Wayne Parnell,190,108,44,1234,99,19.28,1016,121.45,0,3,107,37,185,3751,4840,194,24.94,7.74,19.3
478881,HS Sharath,9,4,0,8,5,2,18,44.44,0,0,0,0,9,180,194,7,27.71,6.46,25.7
390547,Rahul Shukla,29,15,8,60,0,8.57,56,107.14,0,0,4,2,29,593,812,29,28,8.21,20.4
38699,Ross Taylor,254,238,59,5646,0,31.54,4241,133.12,1,29,391,277,15,186,280,8,35,9.03,23.2
26829,Lakshmipathy Balaji,104,20,9,54,15,4.9,62,87.09,0,0,4,2,104,2161,2797,126,22.19,7.76,17.1
30049,Murali Kartik,147,46,21,320,35,12.8,290,110.34,0,0,28,5,143,3069,3450,110,31.36,6.74,27.9
32540,Cheteshwar Pujara,58,50,7,1096,81,25.48,1042,105.18,0,6,121,18,0,0,0,0,0,0,0
328163,Debabrata Das,56,43,17,720,0,27.69,550,130.9,0,2,57,33,0,0,0,0,0,0,0
45789,Jacques Kallis,176,171,28,4416,0,30.88,3927,112.45,0,32,437,100,150,2747,3482,114,30.54,7.6,24
433356,Sayan Mondal,23,16,3,259,52,19.92,233,111.15,0,2,23,5,23,470,528,29,18.2,6.74,16.2
388678,Ben Dunk,82,79,3,1794,96,23.6,1392,128.87,0,9,172,53,4,36,60,2,30,10,18
31756,Sushant Marathe,8,8,1,235,0,33.57,175,134.28,0,1,27,6,0,0,0,0,0,0,0
314622,Krishmar Santokie,108,37,17,178,22,8.9,189,94.17,0,0,10,11,108,2394,2831,167,16.95,7.09,14.3
505773,Apoorv Wankhade,40,39,12,699,0,25.88,539,129.68,0,0,42,25,0,0,0,0,0,0,0
371814,Kevon Cooper,164,100,41,753,0,12.76,542,138.92,0,0,52,42,154,3250,3914,195,20.07,7.22,16.6
5674,Brad Hodge,277,261,60,7406,106,36.84,5641,131.28,2,48,709,248,86,1116,1451,65,22.32,7.8,17.1
24790,Tanmay Mishra,20,19,0,366,68,19.26,370,98.91,0,1,25,10,4,42,58,3,19.33,8.28,14
49636,Muttiah Muralitharan,164,38,14,81,11,3.37,110,73.63,0,0,3,2,164,3705,3945,179,22.03,6.38,20.6
52912,Ravi Rampaul,139,43,25,173,0,9.61,167,103.59,0,0,10,6,138,2950,3773,169,22.32,7.67,17.4
33757,Sachin Rana,42,38,9,654,62,22.55,587,111.41,0,2,54,18,23,357,403,20,20.15,6.77,17.8
26798,Srikkanth Anirudha,70,60,12,1254,77,26.12,1007,124.52,0,7,119,47,0,0,0,0,0,0,0
390480,Manprit Juneja,42,40,8,949,0,29.65,745,127.38,1,4,93,17,1,6,24,0,0,24,0
279562,Prasanth Parameswaran,34,10,8,15,0,7.5,20,75,0,0,2,0,34,707,913,33,27.66,7.74,21.4
324444,Amit Paunikar,22,22,1,421,0,20.04,376,111.96,0,1,54,8,0,0,0,0,0,0,0
55814,Brendan Taylor,134,128,18,2975,0,27.04,2484,119.76,1,22,272,76,8,150,152,8,19,6.08,18.7
35805,Venugopal Rao,83,71,12,1390,0,23.55,1142,121.71,0,7,107,50,25,306,448,8,56,8.78,38.2
574178,Akila Dananjaya,55,19,9,73,28,7.3,89,82.02,0,0,4,1,51,1090,1312,56,23.42,7.22,19.4
340939,Imtiaz Ahmed,20,14,4,150,0,15,90,166.66,0,0,11,11,20,414,535,17,31.47,7.75,24.3
624023,R Karthikeyan,0,0,0,0,0,0,0,0,0,0,0,0,0,0,0,0,0,0,0
49535,Nuwan Kulasekara,112,56,19,395,31,10.67,329,120.06,0,0,24,16,111,2357,2868,125,22.94,7.3,18.8
315623,Ben Laughlin,124,34,13,107,22,5.09,119,89.91,0,0,5,4,122,2565,3387,157,21.57,7.92,16.3
6981,Dirk Nannes,215,39,31,66,0,8.25,79,83.54,0,0,3,1,211,4624,5720,257,22.25,7.42,17.9
49289,Mahela Jayawardene,222,214,27,5479,116,29.29,4150,132.02,3,36,634,136,5,75,97,3,32.33,7.76,25
26184,Ajit Agarkar,62,35,15,286,39,14.3,228,125.43,0,0,23,8,60,1172,1608,47,34.21,8.23,24.9
44089,Gulam Bodi,88,76,6,1887,0,26.95,1706,110.6,0,12,188,61,1,6,6,1,6,6,6
27685,Bharat Chipli,30,28,7,453,0,21.57,386,117.35,0,2,52,12,2,24,44,1,44,11,24
624025,Royston Dias,2,0,0,0,0,0,0,0,0,0,0,0,2,46,71,1,71,9.26,46
49700,Jeevan Mendis,138,115,25,1970,67,21.88,1638,120.26,0,3,139,70,91,1491,1789,84,21.29,7.19,17.7
317786,Yogesh Nagar,49,37,9,561,0,20.03,511,109.78,0,0,40,16,21,285,350,21,16.66,7.36,13.5
477057,Sujit Nayak,4,3,2,45,0,45,25,180,0,0,3,3,2,24,35,0,0,8.75,0
7547,Ben Rohrer,103,90,26,1677,0,26.2,1260,133.09,0,3,120,53,1,6,12,0,0,12,0
527370,Aristh Singhvi,1,1,1,7,0,0,8,87.5,0,0,1,0,1,18,20,1,20,6.66,18
47850,Roelof van der Merwe,189,140,43,2109,0,21.74,1597,132.06,0,8,188,82,183,3699,4452,174,25.58,7.22,21.2
38373,Jesse Ryder,148,143,8,3460,0,25.62,2382,145.25,1,25,378,150,56,915,1200,33,36.36,7.86,27.7
5390,Adam Gilchrist,102,102,5,2622,0,27.03,1869,140.28,3,13,296,120,1,1,0,1,0,0,1
433410,Bhargav Bhatt,46,12,5,75,20,10.71,61,122.95,0,0,6,3,44,870,1118,47,23.78,7.71,18.5
337916,Siddharth Chitnis,34,28,10,510,0,28.33,333,153.15,0,1,38,27,5,72,114,4,28.5,9.5,18
527299,Aniket Choudhary,39,15,8,59,0,8.42,66,89.39,0,0,5,1,39,851,1070,47,22.76,7.54,18.1
317293,Manpreet Gony,85,48,15,466,42,14.12,303,153.79,0,0,31,29,84,1766,2264,91,24.87,7.69,19.4
391128,Harmeet Singh,31,8,3,22,14,4.4,20,110,0,0,3,0,31,594,773,27,28.62,7.8,22
16932,Dimitri Mascarenhas,130,100,29,1356,0,19.09,1065,127.32,0,3,90,52,126,2647,3133,152,20.61,7.1,17.4
376169,Michael Neser,48,30,13,290,0,17.05,253,114.62,0,0,19,8,47,918,1344,50,26.88,8.78,18.3
232284,Luke Pomersbach,56,54,7,1228,0,26.12,946,129.8,1,5,122,46,0,0,0,0,0,0,0
274785,Nitin Saini,50,46,4,754,0,17.95,742,101.61,0,3,69,6,0,0,0,0,0,0,0
35282,Sunny Singh,33,32,6,599,0,23.03,502,119.32,0,4,66,12,0,0,0,0,0,0,0
35630,Paul Valthaty,34,34,1,778,0,23.57,615,126.5,1,3,106,24,16,247,342,11,31.09,8.3,22.4
5779,Ryan Harris,64,37,15,239,31,10.86,231,103.46,0,0,12,6,63,1413,1745,81,21.54,7.4,17.4
5560,Brad Haddin,97,91,13,1747,76,22.39,1384,126.22,0,10,144,67,0,0,0,0,0,0,0
6278,Brett Lee,120,56,26,416,48,13.86,317,131.23,0,0,30,22,120,2706,3258,109,29.88,7.22,24.8
46393,Ryan McLaren,177,126,53,1656,77,22.68,1403,118.03,0,3,139,33,171,3385,4559,156,29.22,8.08,21.6
273439,Sachithra Senanayake,93,46,18,276,20,9.85,295,93.55,0,0,16,7,92,2032,2146,104,20.63,6.33,19.5
272465,James Pattinson,28,12,5,44,13,6.28,53,83.01,0,0,2,1,28,585,837,34,24.61,8.58,17.2
7133,Ricky Ponting,48,43,3,909,0,22.72,819,110.98,0,5,75,25,2,12,23,1,23,11.5,12
482315,Amitoze Singh,17,13,1,216,49,18,173,124.85,0,0,17,8,14,268,288,15,19.2,6.44,17.8
37004,James Franklin,233,210,51,4372,90,27.49,3505,124.73,0,15,274,180,172,2428,3430,111,30.9,8.47,21.8
272364,Phillip Hughes,34,34,8,1110,0,42.69,947,117.21,0,10,112,16,0,0,0,0,0,0,0
631130,Javed Khan,4,2,1,0,0,0,1,0,0,0,0,0,4,90,83,8,10.37,5.53,11.2
38062,Jacob Oram,105,85,18,1111,0,16.58,881,126.1,0,4,80,55,94,1839,2406,81,29.7,7.84,22.7
32965,Munaf Patel,97,20,13,46,0,6.57,52,88.46,0,0,5,0,97,2123,2450,101,24.25,6.92,21
35320,Sachin Tendulkar,96,96,11,2797,0,32.9,2310,121.08,1,16,359,38,8,93,123,2,61.5,7.93,46.5
262533,Udit Birla,29,24,2,530,56,24.09,491,107.94,0,1,45,16,1,6,24,0,0,24,0
28846,Raiphi Gomez,60,52,18,770,0,22.64,592,130.06,0,2,63,32,44,588,765,20,38.25,7.8,29.4
340854,Harpreet Singh,52,49,8,1248,92,30.43,1091,114.39,0,9,93,38,7,126,113,6,18.83,5.38,21
29637,Dheeraj Jadhav,24,23,4,447,0,23.52,484,92.35,0,1,36,2,2,12,23,0,0,11.5,0
31750,Anustup Majumdar,32,26,3,423,43,18.39,418,101.19,0,0,54,2,1,6,14,1,14,14,6
268739,Ajantha Mendis,126,46,17,197,0,6.79,233,84.54,0,0,15,6,125,2719,3146,167,18.83,6.94,16.2
26490,Ali Murtaza,33,11,5,119,0,19.83,138,86.23,0,0,10,1,32,654,761,32,23.78,6.98,20.4
33440,Mahesh Rawat,62,54,20,1153,0,33.91,940,122.65,0,9,111,25,0,0,0,0,0,0,0
52983,Marlon Samuels,187,181,38,4571,0,31.96,3876,117.93,2,29,388,191,92,1636,1957,70,27.95,7.17,23.3
56194,Tamim Iqbal,174,173,15,4730,130,29.93,3971,119.11,2,31,496,135,2,13,18,0,0,8.3,0
431876,Krishnakant  Upadhyay,21,10,6,19,0,4.75,24,79.16,0,0,1,1,21,421,545,20,27.25,7.76,21
279552,Shrikant Wagh,44,31,15,220,0,13.75,214,102.8,0,0,13,6,44,832,1021,51,20.01,7.36,16.3
23460,Luke Wright,300,279,26,7199,0,28.45,4996,144.09,7,38,738,274,122,1799,2563,79,32.44,8.54,22.7
4578,Michael Clarke,46,40,5,737,67,21.05,681,108.22,0,1,57,12,24,273,368,9,40.88,8.08,30.3
28114,Rahul Dravid,109,101,7,2586,0,27.51,2271,113.87,0,13,311,34,0,0,0,0,0,0,0
628059,Kumar Boresa,0,0,0,0,0,0,0,0,0,0,0,0,0,0,0,0,0,0,0
51782,Fidel Edwards,93,30,14,102,0,6.37,118,86.44,0,0,7,3,91,1870,2399,87,27.57,7.69,21.4
302579,Shreevats Goswami,78,68,5,1562,0,24.79,1432,109.07,0,8,164,26,0,0,0,0,0,0,0
422847,Harmeet Singh,1,0,0,0,0,0,0,0,0,0,0,0,1,24,34,1,34,8.5,24
371150,Ashok Menaria,55,46,4,748,52,17.8,653,114.54,0,1,53,34,33,445,483,17,28.41,6.51,26.1
300631,Kusal Perera,89,86,4,1979,84,24.13,1488,132.99,0,17,185,83,0,0,0,0,0,0,0
20123,Owais Shah,230,217,49,5509,84,32.79,4406,125.03,0,30,423,215,8,57,78,5,15.6,8.21,11.4
35353,Siddharth Trivedi,103,23,11,71,12,5.91,77,92.2,0,0,5,1,102,2103,2692,103,26.13,7.68,20.4
27783,Ajit  Chandila,28,13,5,151,57,18.87,143,105.59,0,1,7,10,24,472,497,24,20.7,6.31,19.6
337913,Ankeet Chavan,26,13,4,154,0,17.11,120,128.33,0,0,8,7,26,476,633,19,33.31,7.97,25
34274,Sreesanth,60,20,12,73,0,9.12,95,76.84,0,0,13,0,59,1192,1639,50,32.78,8.25,23.8
269170,KP Appanna,24,6,5,13,0,13,10,130,0,0,2,0,23,414,530,21,25.23,7.68,19.7
319745,Arun Karthik,63,53,13,831,0,20.77,669,124.21,0,3,74,27,2,24,44,2,22,11,12
330408,Chris Barnwell,87,75,16,1077,88,18.25,901,119.53,0,2,66,52,41,642,855,25,34.2,7.99,25.6
4864,Daniel Christian,246,210,49,3749,129,23.28,2722,137.72,2,12,240,183,219,3850,5387,186,28.96,8.39,20.6
48472,Tillakaratne Dilshan,221,217,25,5193,0,27.04,4228,122.82,1,34,633,110,116,1564,1892,64,29.56,7.25,24.4
6553,Andrew McDonald,93,81,26,1743,0,31.69,1401,124.41,0,11,134,42,84,1470,1887,82,23.01,7.7,17.9
302582,Abhinav Mukund,35,33,6,728,0,26.96,660,110.3,0,3,67,7,7,105,101,11,9.18,5.77,9.5
32973,Pankaj Singh,47,21,10,61,10,5.54,86,70.93,0,0,1,2,47,959,1208,35,34.51,7.55,27.4
228943,Sunny Sohal,34,29,0,550,62,18.96,474,116.03,0,2,54,23,0,0,0,0,0,0,0
35261,Jamaluddin Syed Mohammad,45,32,14,403,0,22.38,364,110.71,0,0,33,9,44,828,1036,37,28,7.5,22.3
38710,Daniel Vettori,143,90,25,1041,57,16.01,870,119.65,0,1,88,25,143,3236,3424,131,26.13,6.34,24.7
50710,Kumar Sangakkara,264,257,23,6850,94,29.27,5417,126.45,0,42,732,136,0,0,0,0,0,0,0
26797,Anand Rajan,31,4,3,11,8,11,6,183.33,0,0,0,1,31,689,784,47,16.68,6.82,14.6
37749,Nathan McCullum,173,135,37,1618,0,16.51,1285,125.91,0,4,109,64,159,3162,3783,157,24.09,7.17,20.1
6903,Clint McKay,115,48,22,299,0,11.5,259,115.44,0,0,15,13,115,2451,3223,144,22.38,7.88,17
237701,Dwaraka Ravi Teja,69,62,12,1203,0,24.06,1086,110.77,1,4,111,28,12,114,160,4,40,8.42,28.5
376109,Akshath Reddy,57,56,6,1206,0,24.12,968,124.58,1,4,101,43,0,0,0,0,0,0,0
430125,Biplab Samantray,54,50,7,837,102,19.46,737,113.56,1,3,70,21,36,641,710,22,32.27,6.64,29.1
319744,Thalaivan Sargunam,1,1,0,10,10,10,17,58.82,0,0,0,0,0,0,0,0,0,0,0
317784,Sudeep Tyagi,23,5,3,5,0,2.5,7,71.42,0,0,0,0,23,364,480,16,30,7.91,22.7
8291,Cameron White,223,214,48,5268,0,31.73,4145,127.09,2,35,366,220,42,484,708,26,27.23,8.77,18.6
4508,Doug Bollinger,129,20,9,69,17,6.27,72,95.83,0,0,5,2,128,2716,3541,139,25.47,7.82,19.5
29976,Joginder Sharma,63,39,11,425,0,15.17,337,126.11,0,1,34,20,62,1230,1448,61,23.73,7.06,20.1
50438,Suraj Randiv,62,30,10,354,0,17.7,255,138.82,0,1,34,9,59,1212,1517,62,24.46,7.5,19.5
31732,Yo Mahesh,46,19,9,96,0,9.6,91,105.49,0,0,8,3,45,929,1196,52,23,7.72,17.8
38407,Scott Styris,201,186,30,4020,0,25.76,2987,134.58,2,13,264,195,161,2964,3637,125,29.09,7.36,23.7
35724,Kuthethurshri Vasudevadas,14,9,2,120,0,17.14,97,123.71,0,0,10,2,1,24,20,2,10,5,12
35746,Ganapathi Vignesh,5,3,0,54,42,18,44,122.72,0,0,6,3,5,108,107,7,15.28,5.94,15.4
340014,Tekkami Atchuta Rao,6,2,0,6,6,3,11,54.54,0,0,0,0,6,124,154,7,22,7.45,17.7
446495,Akash Bhandari,37,29,6,274,0,11.91,246,111.38,0,0,17,11,36,727,804,35,22.97,6.63,20.7
277472,Darren Bravo,123,111,28,2683,0,32.32,2236,119.99,0,15,169,145,0,0,0,0,0,0,0
340063,Kedar Devdhar,51,50,2,1298,100,27.04,1079,120.29,1,6,148,27,0,0,0,0,0,0,0
5583,Daniel Harris,78,73,7,1965,0,29.77,1542,127.43,1,9,198,62,27,400,517,21,24.61,7.75,19
279554,Ishank Jaggi,58,57,14,1535,0,35.69,1262,121.63,1,9,164,34,6,73,83,2,41.5,6.82,36.5
29702,Abhishek Jhunjhunwala,38,32,6,472,0,18.15,454,103.96,0,2,37,8,14,121,172,3,57.33,8.52,40.3
32978,Syed Quadri,6,4,1,65,50,21.66,66,98.48,0,1,4,1,5,72,97,6,16.16,8.08,12
526387,Sneha Kishore,0,0,0,0,0,0,0,0,0,0,0,0,0,0,0,0,0,0,0
35401,Tanmay Srivastava,28,22,3,420,0,22.1,368,114.13,0,2,42,7,2,24,26,0,0,6.5,0
34139,TP Sudhindra,27,15,9,75,0,12.5,79,94.93,0,0,5,0,27,637,717,35,20.48,6.75,18.2
36110,Arjun Yadav,19,15,1,198,44,14.14,178,111.23,0,0,17,7,0,0,0,0,0,0,0
236693,Puneet Bisht,36,28,2,390,32,15,307,127.03,0,0,38,13,0,0,0,0,0,0,0
262464,Robin Bist,20,18,2,193,0,12.06,232,83.18,0,0,13,0,4,60,74,5,14.8,7.4,12
362541,Doug Bracewell,50,33,14,525,37,27.63,358,146.64,0,0,28,30,47,845,1228,55,22.32,8.71,15.3
271315,Sunny Gupta,17,9,1,54,22,6.75,56,96.42,0,0,8,1,15,266,305,8,38.12,6.87,33.2
32094,Prashant Naik,5,5,1,82,0,20.5,60,136.66,0,0,10,2,0,0,0,0,0,0,0
559283,Zafir Patel,0,0,0,0,0,0,0,0,0,0,0,0,0,0,0,0,0,0,0
339508,Kuldeep Raval,12,12,3,346,83,38.44,202,171.28,0,3,29,18,7,78,80,7,11.42,6.15,11.1
34264,Aavishkar Salvi,19,2,2,16,0,0,23,69.56,0,0,0,0,18,389,527,18,29.27,8.12,21.6
437560,Vikas Mishra,1,0,0,0,0,0,0,0,0,0,0,0,1,18,24,1,24,8,18
344286,Tejashwi Yadav,4,1,0,3,3,3,4,75,0,0,0,0,3,36,50,0,0,8.33,0
4292,Travis Birt,109,105,9,2188,0,22.79,1696,129,0,9,179,96,0,0,0,0,0,0,0
45705,Colin Ingram,202,197,29,5186,114,30.86,3724,139.25,3,32,458,243,65,907,1194,37,32.27,7.89,24.5
26236,Love Ablish,22,4,4,6,0,0,12,50,0,0,0,0,22,456,499,36,13.86,6.56,12.6
290638,Amit Yadav,36,32,8,314,0,13.08,225,139.55,0,0,11,23,35,703,805,32,25.15,6.87,21.9
32391,Ramesh Powar,28,11,7,72,0,18,70,102.85,0,0,7,1,27,450,562,14,40.14,7.49,32.1
7443,Nathan Rimmington,96,37,18,203,26,10.68,193,105.18,0,0,10,6,94,1905,2573,110,23.39,8.1,17.3
34245,Shalabh Srivastava,22,7,4,6,0,2,7,85.71,0,0,0,0,22,452,653,20,32.65,8.66,22.6
10617,Stuart Broad,85,32,12,152,0,7.6,149,102.01,0,0,10,3,83,1788,2144,100,21.44,7.19,17.8
527362,Chirag Jani,22,20,4,360,0,22.5,267,134.83,0,0,25,15,20,342,368,16,23,6.45,21.3
327129,Iresh Saxena,24,2,1,1,1,1,8,12.5,0,0,0,0,24,454,441,25,17.64,5.82,18.1
45224,Herschelle Gibbs,171,167,13,3895,0,25.29,3163,123.14,1,28,404,120,0,0,0,0,0,0,0
45782,Davy Jacobs,83,80,14,1707,74,25.86,1452,117.56,0,8,142,60,1,6,14,0,0,14,0
46148,Richard Levi,198,189,12,5070,0,28.64,3501,144.81,3,33,522,245,0,0,0,0,0,0,0
46750,Robin Peterson,141,97,22,1231,0,16.41,1103,111.6,0,3,125,28,134,2631,3114,122,25.52,7.1,21.5
28779,Sourav Ganguly,77,73,4,1726,91,25.01,1613,107,0,8,184,51,37,573,756,29,26.06,7.91,19.7
5236,Callum Ferguson,93,85,11,1865,0,25.2,1510,123.5,1,8,150,36,0,0,0,0,0,0,0
391121,Kamran Khan,11,3,2,22,0,22,18,122.22,0,0,2,0,11,208,300,12,25,8.65,17.3
253800,Harshad Khadiwale,26,26,0,630,88,24.23,508,124.01,0,3,69,12,1,6,13,0,0,13,0
31028,Mohnish  Mishra,48,47,3,899,84,20.43,675,133.18,0,3,115,26,0,0,0,0,0,0,0
47270,Graeme Smith,86,86,6,2389,105,29.86,1941,123.08,1,11,293,51,7,96,148,4,37,9.25,24
47569,Alfonso Thomas,225,69,35,410,0,12.05,384,106.77,0,0,40,7,214,4558,5737,263,21.81,7.55,17.3
5702,James Hopes,93,79,14,1468,71,22.58,1183,124.09,0,10,167,22,89,1702,2255,67,33.65,7.94,25.4
300628,Dinesh Chandimal,112,100,12,2426,0,27.56,2090,116.07,0,16,213,59,0,0,0,0,0,0,0
27639,Aakash Chopra,21,19,1,334,0,18.55,366,91.25,0,1,28,1,0,0,0,0,0,0,0
10772,Paul Collingwood,148,131,16,2478,0,21.54,2040,121.47,1,9,167,86,108,1852,2245,99,22.67,7.27,18.7
236694,Aditya Dole,3,2,0,34,30,17,22,154.54,0,0,3,1,3,66,112,5,22.4,10.18,13.2
317750,Samad Fallah,31,8,5,9,0,3,15,60,0,0,1,0,31,712,866,34,25.47,7.29,20.9
28671,Faiz Fazal,56,54,2,1046,66,20.11,995,105.12,0,3,99,16,11,144,177,10,17.7,7.37,14.4
230593,Abhishek Raut,43,27,7,386,43,19.3,353,109.34,0,0,28,11,18,248,317,14,22.64,7.66,17.7
34282,Pinal Shah,54,37,7,461,71,15.36,417,110.55,0,2,47,8,0,0,0,0,0,0,0
26789,Amit Singh,30,8,2,13,5,2.16,24,54.16,0,0,2,0,30,628,805,34,23.67,7.69,18.4
27150,Raju Bhatkal,20,14,5,86,25,9.55,84,102.38,0,0,5,2,18,297,379,17,22.29,7.65,17.4
29990,Mohammad Kaif,75,68,11,1237,70,21.7,1201,102.99,0,7,117,26,0,0,0,0,0,0,0
422106,Abrar Kazi,4,2,2,13,0,0,9,144.44,0,0,0,1,4,66,91,2,45.5,8.27,33
45963,Charl Langeveldt,110,21,13,82,0,10.25,96,85.41,0,0,6,2,109,2332,2962,138,21.46,7.62,16.8
353669,Ryan Ninan,2,1,0,3,3,3,6,50,0,0,0,0,2,36,65,3,21.66,10.83,12
430401,Asad Pathan,34,33,5,656,0,23.42,441,148.75,0,4,75,28,3,39,63,0,0,9.69,0
559287,S Thiyagarajan,0,0,0,0,0,0,0,0,0,0,0,0,0,0,0,0,0,0,0
26802,Hemang Badani,18,16,3,335,42,25.76,281,119.21,0,0,30,8,9,132,143,7,20.42,6.5,18.8
28764,Chandrasekar Ganapathy,25,11,2,37,15,4.11,39,94.87,0,0,1,2,24,496,531,33,16.09,6.42,15
5616,Matthew Hayden,50,50,5,1632,93,36.26,1192,136.91,0,13,181,63,0,0,0,0,0,0,0
45797,Justin Kemp,101,80,29,1451,0,28.45,1166,124.44,0,4,92,71,67,1016,1272,56,22.71,7.51,18.1
46592,Makhaya Ntini,60,12,6,30,11,5,43,69.76,0,0,5,0,60,1263,1575,63,25,7.48,20
49677,Thilan Thushara,51,31,10,233,48,11.09,208,112.01,0,0,12,13,51,1066,1319,67,19.68,7.42,15.9
26252,Anirudh Singh,11,10,1,97,40,10.77,108,89.81,0,0,10,1,0,0,0,0,0,0,0
26946,Azhar Bilakhia,19,19,3,377,0,23.56,350,107.71,0,3,44,3,0,0,0,0,0,0,0
30750,VVS Laxman,25,25,3,491,0,22.31,428,114.71,0,3,57,8,0,0,0,0,0,0,0
230553,Kemar Roach,46,13,5,59,12,7.37,52,113.46,0,0,3,3,44,912,1229,28,43.89,8.08,32.5
253798,Bodapati Sumanth,19,17,8,249,0,27.66,203,122.66,0,1,15,7,2,24,35,0,0,8.75,0
7702,Andrew Symonds,93,85,19,2141,0,32.43,1453,147.35,2,12,194,83,75,1237,1657,52,31.86,8.03,23.7
50804,Chaminda Vaas,56,46,9,672,73,18.16,608,110.52,0,4,60,15,54,1131,1278,64,19.96,6.77,17.6
422845,Joginder Singh,9,5,3,32,0,16,23,139.13,0,0,3,1,9,114,132,3,44,6.94,38
49638,Farveez Maharoof,99,73,20,948,0,17.88,804,117.91,0,1,66,37,92,1816,2213,94,23.54,7.31,19.3
33097,Shashi Ranjan,0,0,0,0,0,0,0,0,0,0,0,0,0,0,0,0,0,0,0
34211,Sarandeep Singh,10,2,1,53,30,53,53,100,0,0,5,1,10,204,213,11,19.36,6.26,18.5
224367,Yusuf Abdulla,55,8,5,26,0,8.66,37,70.27,0,0,1,1,54,1187,1248,63,19.8,6.3,18.8
253804,Amanpreet Singh,0,0,0,0,0,0,0,0,0,0,0,0,0,0,0,0,0,0,0
274926,Adrian Barath,44,44,4,966,0,24.15,907,106.5,0,6,91,26,0,0,0,0,0,0,0
28997,Karan Goel,44,39,5,679,82,19.97,739,91.88,0,3,57,18,17,193,226,10,22.6,7.02,19.3
34078,Reetinder Sodhi,14,10,1,45,12,5,55,81.81,0,0,3,0,6,96,126,5,25.2,7.87,19.2
36326,Shane Bond,40,14,6,32,0,4,31,103.22,0,0,2,1,40,939,1109,51,21.74,7.08,18.4
269174,Eklak Ahmid,0,0,0,0,0,0,0,0,0,0,0,0,0,0,0,0,0,0,0
28792,Rohan Gavaskar,10,8,1,113,47,16.14,114,99.12,0,0,16,1,6,87,112,3,37.33,7.72,29
279546,Chirag Pathak,13,13,0,200,55,15.38,237,84.38,0,1,23,0,0,0,0,0,0,0,0
48835,Dilhara Fernando,54,20,10,47,21,4.7,51,92.15,0,0,6,0,54,1175,1515,74,20.47,7.73,15.8
49209,Sanath Jayasuriya,111,109,7,2317,0,22.71,1654,140.08,1,12,252,114,92,1593,1983,77,25.75,7.46,20.6
31104,Chandan Madan,20,17,4,311,0,23.92,282,110.28,0,2,30,6,0,0,0,0,0,0,0
31088,Ishan Malhotra,11,10,3,104,28,14.85,107,97.19,0,0,15,1,6,96,134,4,33.5,8.37,24
17991,Graham Napier,137,96,19,1206,0,15.66,813,148.33,1,0,95,76,136,2905,3831,164,23.35,7.91,17.7
33773,Syed Shahabuddin,16,16,1,203,31,13.53,173,117.34,0,0,18,7,16,315,379,11,34.45,7.21,28.6
8166,Shane Warne,73,32,10,210,0,9.54,228,92.1,0,0,15,7,71,1548,1863,70,26.61,7.22,22.1
26782,Swapnil Asnodkar,73,73,3,1699,75,24.27,1368,124.19,0,13,188,43,0,0,0,0,0,0,0
16406,Michael Lumb,221,219,12,4972,0,24.01,3605,137.91,1,26,597,176,3,36,65,3,21.66,10.83,12
35586,Amit Uniyal,4,3,2,18,0,18,24,75,0,0,1,0,3,60,88,5,17.6,8.8,12
8119,Adam Voges,180,168,37,4064,0,31.02,3203,126.88,0,19,343,67,56,566,754,27,27.92,7.99,20.9
6513,Damien Martyn,6,6,0,175,96,29.16,117,149.57,0,1,17,6,0,0,0,0,0,0,0
30176,Anil Kumble,54,21,17,46,8,11.5,59,77.96,0,0,3,0,54,1245,1389,57,24.36,6.69,21.8
26206,Balachandra Akhil,35,26,8,321,35,17.83,216,148.61,0,0,30,12,32,535,638,24,26.58,7.15,22.2
44111,Mark Boucher,90,76,27,1378,0,28.12,1194,115.41,0,4,103,39,0,0,0,0,0,0,0
44938,Dillon du Preez,86,62,28,682,46,20.05,522,130.65,0,0,31,34,85,1668,2040,82,24.87,7.33,20.3
34118,Sridharan Sriram,15,14,3,233,0,21.18,234,99.57,0,0,16,2,10,168,227,4,56.75,8.1,42
290629,Palani  Amarnath,14,4,3,1,1,1,3,33.33,0,0,0,0,14,318,488,19,25.68,9.2,16.7
340834,Viraj Kadbe,0,0,0,0,0,0,0,0,0,0,0,0,0,0,0,0,0,0,0
12856,Andrew Flintoff,39,36,6,683,93,22.76,478,142.88,0,3,63,31,34,657,827,39,21.2,7.55,16.8
35619,Vidyut Sivaramakrishnan,25,21,1,410,54,20.5,316,129.74,0,1,44,11,13,210,242,14,17.28,6.91,15
26167,Abhinav Kumar,2,2,1,56,0,56,30,186.66,0,1,4,3,0,0,0,0,0,0,0
236810,Halhadar Das,18,17,7,184,0,18.4,190,96.84,0,1,13,5,0,0,0,0,0,0,0
376102,Jaskaran Singh,16,11,5,54,16,9,49,110.2,0,0,5,2,15,275,371,12,30.91,8.09,22.9
30719,Doddapaneni Kalyankrishna,12,8,3,10,5,2,20,50,0,0,1,0,12,240,353,11,32.09,8.82,21.8
327127,PM Sarvesh Kumar,2,1,1,1,0,0,2,50,0,0,0,0,2,30,42,1,42,8.4,30
317709,Shoaib Ahmed,8,3,1,1,0,0.5,6,16.66,0,0,0,0,7,102,152,5,30.4,8.94,20.4
50431,Chamara Silva,70,66,8,1398,0,24.1,1156,120.93,1,3,121,39,3,24,36,1,36,9,24
272949,Paidikalva Vijaykumar,18,6,4,12,6,6,10,120,0,0,1,1,18,342,466,10,46.6,8.17,34.2
51050,Nuwan Zoysa,17,14,4,203,41,20.3,172,118.02,0,0,27,3,16,324,376,21,17.9,6.96,15.4
6565,Glenn McGrath,19,5,2,9,5,3,18,50,0,0,1,0,19,432,492,20,24.6,6.83,21.6
26432,Ajitesh Argal,6,4,0,33,19,8.25,19,173.68,0,0,3,2,6,132,203,4,50.75,9.22,33
27572,Ranadeb Bose,11,3,1,7,7,3.5,5,140,0,0,1,0,11,234,334,11,30.36,8.56,21.2
275678,Burt Cockley,1,0,0,0,0,0,0,0,0,0,0,0,1,18,45,0,0,15,0
6128,Simon Katich,118,101,19,2483,75,30.28,1961,126.61,0,10,251,49,3,18,29,0,0,9.66,0
30235,Uday Kaul,9,3,2,13,9,13,10,130,0,0,3,0,0,0,0,0,0,0,0
331855,Taruwar Kohli,26,23,9,141,22,10.07,199,70.85,0,0,6,3,13,191,217,9,24.11,6.81,21.2
30144,Sahil Kukreja,0,0,0,0,0,0,0,0,0,0,0,0,0,0,0,0,0,0,0
31041,Wilkin Mota,21,17,2,228,50,15.2,249,91.56,0,1,19,3,16,249,298,11,27.09,7.18,22.6
33331,Ravikant Shukla,15,14,0,245,39,17.5,228,107.45,0,0,19,7,1,6,9,0,0,9,0
35281,Vikram Singh,33,6,3,39,0,13,31,125.8,0,0,3,1,32,667,886,31,28.58,7.97,21.5
27014,Rohan Banerjee,0,0,0,0,0,0,0,0,0,0,0,0,0,0,0,0,0,0,0
220435,Arindam Ghosh,20,18,4,263,67,18.78,263,100,0,1,20,2,0,0,0,0,0,0,0
56007,Mashrafe Mortaza,136,88,21,908,0,13.55,687,132.16,0,1,59,56,132,2867,3605,116,31.07,7.54,24.7
377437,Shoaib Shaikh,18,17,1,405,110,25.31,334,121.25,1,2,32,13,6,84,141,4,35.25,10.07,21
47711,Morne van Wyk,138,131,16,3629,0,31.55,2905,124.92,1,25,401,88,0,0,0,0,0,0,0
36130,Yashpal Singh,51,47,4,1056,58,24.55,1029,102.62,0,6,102,13,15,218,249,9,27.66,6.85,24.2
37740,Kyle Mills,98,44,16,301,0,10.75,304,99.01,0,0,19,8,96,2106,2846,105,27.1,8.1,20
55988,Mohammad Ashraful,64,60,4,1300,0,23.21,1106,117.54,1,4,140,27,23,335,444,23,19.3,7.95,14.5
32093,Chetanya Nanda,20,5,2,20,0,6.66,20,100,0,0,2,0,20,366,422,18,23.44,6.91,20.3
290713,Rohan Raje,30,13,6,27,0,3.85,28,96.42,0,0,2,1,30,559,751,34,22.08,8.06,16.4
7502,Luke Ronchi,184,168,19,3632,102,24.37,2372,153.11,1,20,357,167,0,0,0,0,0,0,0
279460,Rahil Shaikh,1,0,0,0,0,0,0,0,0,0,0,0,1,6,11,0,0,11,0
399861,Pushkaraj Chavan,0,0,0,0,0,0,0,0,0,0,0,0,0,0,0,0,0,0,0
26388,Aditya Angle,3,2,0,16,16,8,15,106.66,0,0,1,0,1,6,16,0,0,16,0
4541,Lee Carseldine,26,24,5,596,74,31.36,476,125.21,0,4,52,8,5,84,113,7,16.14,8.07,12
5605,Shane Harwood,40,14,8,101,0,16.83,76,132.89,0,0,5,5,40,845,1079,48,22.47,7.66,17.6
45434,Tyron Henderson,84,74,10,1289,85,20.14,902,142.9,0,7,109,59,82,1824,2195,93,23.6,7.22,19.6
6256,Justin Langer,41,38,2,1015,97,28.19,744,136.42,0,5,126,22,0,0,0,0,0,0,0
290721,Abdulahad Malek,18,17,2,321,0,21.4,234,137.17,0,2,35,9,0,0,0,0,0,0,0
304737,Mohammed Arif,0,0,0,0,0,0,0,0,0,0,0,0,0,0,0,0,0,0,0
31219,Parag More,0,0,0,0,0,0,0,0,0,0,0,0,0,0,0,0,0,0,0
32240,Niraj Patel,37,34,6,957,0,34.17,804,119.02,0,6,105,16,17,222,321,11,29.18,8.67,20.1
211854,Rob Quiney,82,76,3,1349,97,18.47,1106,121.97,0,7,118,57,1,6,13,0,0,13,0
399763,Atul Sharma,0,0,0,0,0,0,0,0,0,0,0,0,0,0,0,0,0,0,0
326020,Gajendra Singh,15,7,5,21,0,10.5,27,77.77,0,0,1,0,14,300,340,16,21.25,6.8,18.7
31752,Ashraf Makda,14,12,6,53,0,8.83,42,126.19,0,0,6,1,14,307,341,12,28.41,6.66,25.5
284363,Shrideep Mangela,0,0,0,0,0,0,0,0,0,0,0,0,0,0,0,0,0,0,0
284355,Anup Revandkar,1,0,0,0,0,0,0,0,0,0,0,0,1,12,13,2,6.5,6.5,6
390355,Rangaraj Suthesh,2,1,1,17,0,0,8,212.5,0,0,3,0,2,46,47,3,15.66,6.13,15.3
26291,Jagadeesh Arunkumar,7,7,0,79,31,11.28,78,101.28,0,0,13,1,0,0,0,0,0,0,0
27569,Saurabh Bandekar,33,32,5,389,0,14.4,357,108.96,0,1,25,12,32,628,857,41,20.9,8.18,15.3
236766,Rajesh Bishnoi,42,38,2,650,75,18.05,457,142.23,0,4,43,42,1,6,10,0,0,10,0
4185,Nathan Bracken,28,9,5,22,0,5.5,26,84.61,0,0,1,1,28,586,705,31,22.74,7.21,18.9
28619,Gaurav Dhiman,0,0,0,0,0,0,0,0,0,0,0,0,0,0,0,0,0,0,0
29646,Wasim Jaffer,23,23,1,616,95,28,477,129.14,0,6,75,11,0,0,0,0,0,0,0
29725,Sunil Joshi,15,9,5,78,0,19.5,86,90.69,0,0,4,1,15,283,338,13,26,7.16,21.7
32388,Udit Patel,18,12,4,72,21,9,62,116.12,0,0,5,4,17,269,334,13,25.69,7.44,20.6
32389,Devraj Patil,14,13,0,237,44,18.23,208,113.94,0,0,29,2,0,0,0,0,0,0,0
279857,Jitendra Patil,3,2,1,4,0,4,7,57.14,0,0,0,0,3,60,67,4,16.75,6.7,15
33769,RK Sabharwal,1,1,0,1,1,1,7,14.28,0,0,0,0,0,0,0,0,0,0,0
36080,Tinu Yohannan,1,1,0,6,6,6,7,85.71,0,0,0,0,1,24,33,2,16.5,8.25,12
56283,Abdur Razzak,87,43,18,200,0,8,237,84.38,0,0,12,6,83,1760,2037,96,21.21,6.94,18.3
26198,Neravanda Aiyappa,4,2,1,0,0,0,1,0,0,0,0,0,4,80,104,4,26,7.8,20
51469,Shivnarine Chanderpaul,81,78,11,1576,0,23.52,1490,105.77,0,8,164,27,0,0,0,0,0,0,0
41378,Misbah-ul-Haq,159,138,36,3365,0,32.99,2893,116.31,1,12,217,134,0,0,0,0,0,0,0
6938,Ashley Noffke,30,23,5,263,34,14.61,189,139.15,0,0,19,11,29,634,789,38,20.76,7.46,16.6
32345,Venkatesh Prasad,0,0,0,0,0,0,0,0,0,0,0,0,0,0,0,0,0,0,0
279540,Napoleon Einstein,1,1,0,19,19,19,18,105.55,0,0,1,0,0,0,0,0,0,0,0
37000,Stephen Fleming,53,53,3,1157,0,23.14,949,121.91,0,6,156,22,0,0,0,0,0,0,0
209457,Chamara Kapugedera,119,107,12,1995,0,21,1536,129.88,0,7,146,87,11,124,173,7,24.71,8.37,17.7
313763,Suresh Kumar,19,13,4,284,0,31.55,158,179.74,0,1,21,16,15,246,340,12,28.33,8.29,20.5
47884,Kepler Wessels,0,0,0,0,0,0,0,0,0,0,0,0,0,0,0,0,0,0,0
27225,Sanjay Bangar,33,28,3,381,67,15.24,306,124.5,0,2,35,17,30,578,709,31,22.87,7.35,18.6
42639,Shahid Afridi,282,244,30,3982,101,18.6,2564,155.3,1,9,294,227,277,6084,6792,307,22.12,6.69,19.8
34059,Robin Singh,2,1,0,38,38,38,31,122.58,0,0,2,1,1,6,9,1,9,9,6
5472,Brett Geeves,14,7,1,133,28,22.16,98,135.71,0,0,9,6,14,302,461,19,24.26,9.15,15.8
41411,Mohammad Asif,35,7,4,13,0,4.33,15,86.66,0,0,2,0,35,832,1058,50,21.16,7.62,16.6
42657,Shoaib Malik,321,301,83,8125,0,37.27,6487,125.25,0,48,628,246,188,2926,3443,133,25.88,7.06,22
35392,Mayank Tehlan,6,4,1,53,0,17.66,43,123.25,0,0,5,0,0,0,0,0,0,0,0
7609,Greg Shipperd,0,0,0,0,0,0,0,0,0,0,0,0,0,0,0,0,0,0,0
28067,Pankaj Dharmani,11,7,2,47,0,9.4,42,111.9,0,0,4,0,0,0,0,0,0,0,0
28758,Gagandeep Singh,14,2,0,24,15,12,27,88.88,0,0,1,0,14,306,370,12,30.83,7.25,25.5
52969,Ramnaresh Sarwan,77,71,9,1197,70,19.3,1153,103.81,0,5,84,28,2,18,22,2,11,7.33,9
6628,Tom Moody,0,0,0,0,0,0,0,0,0,0,0,0,0,0,0,0,0,0,0
41434,Mohammad Hafeez,245,231,19,5112,0,24.11,4195,121.85,2,29,551,152,176,3286,3421,157,21.78,6.24,20.9
42683,Salman Butt,69,66,12,2015,0,37.31,1759,114.55,0,15,258,29,7,108,141,5,28.2,7.83,21.6
42655,Shoaib Akhtar,38,19,5,75,14,5.35,76,98.68,0,0,4,5,38,804,978,44,22.22,7.29,18.2
55805,Tatenda Taibu,48,45,10,887,89,25.34,834,106.35,0,5,63,13,2,24,41,0,0,10.25,0
43524,Umar Gul,148,76,19,492,32,8.63,467,105.35,0,0,31,28,147,3118,3872,203,19.07,7.45,15.3
30740,Saurasish Lahiri,22,17,3,124,44,8.85,131,94.65,0,0,13,0,22,438,491,25,19.64,6.72,17.5
4233,John Buchanan,0,0,0,0,0,0,0,0,0,0,0,0,0,0,0,0,0,0,0
44098,Loots Bosman,89,85,3,2085,104,25.42,1574,132.46,1,11,182,103,1,6,9,0,0,9,0
30220,Musavir Khote,11,7,2,147,72,29.4,107,137.38,0,1,12,6,8,132,187,6,31.16,8.5,22
46569,Andre Nel,56,28,13,155,19,10.33,113,137.16,0,0,11,8,56,1240,1394,37,37.67,6.74,33.5
32305,Rajesh Pawar,8,4,1,7,3,2.33,14,50,0,0,0,0,7,132,179,6,29.83,8.13,22
46774,Shaun Pollock,46,34,7,569,59,21.07,401,141.89,0,1,45,28,43,937,996,45,22.13,6.37,20.8
46788,Ashwell Prince,104,102,8,2467,78,26.24,2117,116.53,0,14,230,43,1,4,5,0,0,7.5,0
8002,Dominic Thornely,57,50,13,778,0,21.02,660,117.87,0,3,43,28,33,533,686,28,24.5,7.72,19
307448,Vikrant Yeligati,4,2,1,6,0,6,5,120,0,0,1,0,4,78,109,2,54.5,8.38,39
33034,Lalchand Rajput,0,0,0,0,0,0,0,0,0,0,0,0,0,0,0,0,0,0,0
41028,Kamran Akmal,224,207,19,5106,0,27.15,3856,132.41,4,35,576,173,0,0,0,0,0,0,0
275731,Sumit Khatri,0,0,0,0,0,0,0,0,0,0,0,0,0,0,0,0,0,0,0
6285,Darren Lehmann,17,17,4,381,48,29.3,323,117.95,0,0,43,2,13,228,256,11,23.27,6.73,20.7
43265,Sohail Tanvir,293,189,58,2177,0,16.61,1803,120.74,0,2,160,101,287,6182,7535,301,25.03,7.31,20.5
43652,Younis Khan,83,78,17,1864,0,30.55,1589,117.3,0,10,144,37,7,104,136,6,22.66,7.84,17.3
,Rinku Singh,5,5,0,29,16,7.25,31,93.54,0,0,4,0,5,0,0,0,0,0,0
,Mujeeb Ur Rahman,11,11,1,10,10,10,7,142.85,0,0,2,0,11,248,289,14,20.64,6.99,17.71
,Evin Lewis,13,13,0,382,65,29.38,276,138.4,0,2,32,24,0,0,0,0,0,0,0
,Mayank Markhande,14,14,4,21,7,10.5,24,87.5,0,0,2,0,14,264,368,15,24.53,8.36,17.6
,Washington Sundar,18,18,7,74,35,18.5,50,148,0,0,5,4,18,300,377,12,31.41,7.54,25
,Chris Woakes,18,18,5,63,18,10.5,66,95.45,0,0,1,1,18,374,576,25,23.04,9.24,14.96
,Aniket Choudhary,5,5,2,25,15,25,20,125,0,0,1,1,5,101,144,5,28.8,8.55,20.2
,DArcy Short,7,7,0,115,44,16.42,99,116.16,0,0,11,5,1,18,19,1,19,6.33,18
,Ben Stokes,25,25,2,512,103,23.27,382,134.03,1,1,35,21,25,486,619,20,30.95,7.64,24.3
,Rahul Tripathi,26,26,3,617,93,26.82,434,142.16,0,3,61,25,26,6,12,0,0,12,0
,Krishnappa Gowtham,15,15,4,126,33,14,64,196.87,0,0,9,9,15,240,312,11,28.36,7.8,21.81
,Rashid Khan,31,31,3,71,34,10,40,175,0,0,3,7,31,732,816,38,21.47,6.68,19.26
,Billy Stanlake,6,6,1,5,5,0,2,250,0,0,1,0,6,144,200,7,28.57,8.33,20.57