player_name,ave_score,sr,balls_faced,hundreds/innings,fifties/innings,fours_rate,six_rate,vulnerability
Zaheer Khan,8.68,86.42,221,0.0,0.0,0.07692307692307693,0.013574660633484163,0.09954751131221719
Mayank Agarwal,23.4,130.79,1789,0.009433962264150943,0.14150943396226415,0.13191727221911684,0.045835662381218556,0.05589714924538849
Khaleel Ahmed,0.0,66.66,6,0.0,0.0,0.0,0.0,0.0
Sam Billings,23.21,130.17,2247,0.0,0.1095890410958904,0.11036938139741878,0.03871829105473965,0.056074766355140186
Carlos Brathwaite,18.04,149.82,855,0.0,0.010752688172043012,0.08771929824561403,0.10760233918128655,0.08304093567251462
Nathan Coulter-Nile,13.9,125.6,332,0.0,0.0,0.08132530120481928,0.0783132530120482,0.09036144578313253
Quinton de Kock,31.68,133.91,2957,0.022222222222222223,0.14814814814814814,0.1471085559688874,0.047683462969225564,0.042272573554277985
Jean-Paul Duminy,37.73,121.8,4926,0.0,0.1782608695652174,0.08871295168493706,0.04080389768574909,0.03227771010962241
Akhil Herwadkar,20.14,121.03,233,0.0,0.07142857142857142,0.13733905579399142,0.02575107296137339,0.060085836909871244
Imran Tahir,9.78,110.05,169,0.0,0.0,0.08875739644970414,0.04142011834319527,0.11242603550295859
Shreyas Iyer,28.73,128.65,1452,0.0,0.1891891891891892,0.11707988980716254,0.05096418732782369,0.044765840220385676
Mahipal Lomror,24.23,120.46,342,0.0,0.1,0.1023391812865497,0.03216374269005848,0.049707602339181284
Chama Milind,11.55,111.82,93,0.0,0.0,0.07526881720430108,0.021505376344086023,0.0967741935483871
Amit Mishra,13.86,97.43,740,0.0,0.0,0.0918918918918919,0.00945945945945946,0.07027027027027027
Mohammed Shami,5.9,100.0,65,0.0,0.0,0.09230769230769231,0.03076923076923077,0.16923076923076924
Chris Morris,25.44,154.71,806,0.0,0.021739130434782608,0.0,0.0,0.060794044665012405
Shahbaz Nadeem,8.71,88.72,275,0.0,0.0,0.05818181818181818,0.02181818181818182,0.10181818181818182
Karun Nair,24.94,131.03,1656,0.021052631578947368,0.12631578947368421,0.13345410628019325,0.041666666666666664,0.05253623188405797
Pawan Negi,16.75,124.49,592,0.0,0.0,0.08952702702702703,0.052364864864864864,0.07432432432432433
Rishabh Pant,36.57,165.31,1084,0.03636363636363636,0.21818181818181817,0.1559040590405904,0.08948339483394833,0.045202952029520294
Pratyush Singh,11.25,107.14,84,0.0,0.0,0.15476190476190477,0.0,0.09523809523809523
Sanju Samson,26.88,124.37,2421,0.008064516129032258,0.16129032258064516,0.09665427509293681,0.049979347377116894,0.04626187525815779
Pawan Suyal,0.0,0.0,5,0.0,0.0,0.0,0.0,0.2
Jayant Yadav,16.8,113.51,222,0.0,0.0,0.06306306306306306,0.04054054054054054,0.06756756756756757
Joel Paris,7.33,78.57,28,0.0,0.0,0.03571428571428571,0.0,0.10714285714285714
Suresh Raina,33.59,139.25,5694,0.014285714285714285,0.16785714285714284,0.12451703547593959,0.05251141552511415,0.0414471373375483
Sarabjit Ladda,2.5,41.66,12,0.0,0.0,0.08333333333333333,0.0,0.16666666666666666
Akshdeep Nath,23.45,122.66,631,0.0,0.06521739130434782,0.098256735340729,0.03645007923930269,0.05229793977812995
Amit Mishra,8.4,105.0,40,0.0,0.0,0.075,0.05,0.125
Dwayne Bravo,24.72,127.18,4705,0.0,0.05952380952380952,0.08310308182784272,0.06057385759829968,0.0514346439957492
Paras Dogra,25.44,110.27,1246,0.0,0.09090909090909091,0.07704654895666131,0.036115569823434994,0.04333868378812199
Eklavya Dwivedi,34.18,124.22,743,0.0,0.10256410256410256,0.1278600269179004,0.03633916554508748,0.03633916554508748
James Faulkner,22.01,122.56,1347,0.0,0.007692307692307693,0.05939123979213066,0.044543429844097995,0.0556792873051225
Aaron Finch,36.44,143.74,5249,0.02564102564102564,0.2222222222222222,0.14059820918270147,0.05963040579157935,0.03943608306344065
Ishan Kishan,22.96,129.22,924,0.0,0.11538461538461539,0.12878787878787878,0.05735930735930736,0.05627705627705628
Ravindra Jadeja,21.68,122.96,1746,0.0,0.0,0.08648339060710195,0.0418098510882016,0.05670103092783505
Shadab Jakati,10.27,103.35,179,0.0,0.0,0.1005586592178771,0.01675977653631285,0.1005586592178771
Dinesh Karthik,27.01,132.55,3790,0.0,0.11160714285714286,0.13113456464379947,0.03799472295514512,0.04907651715039578
Shivil Kaushik,0.0,0.0,1,0.0,0.0,0.0,0.0,1.0
Dhawal Kulkarni,12.71,99.44,179,0.0,0.0,0.0670391061452514,0.0223463687150838,0.0782122905027933
Praveen Kumar,12.26,115.65,594,0.0,0.011627906976744186,0.08754208754208755,0.05218855218855219,0.09427609427609428
Brendon McCullum,30.25,137.21,7011,0.019943019943019943,0.1452991452991453,0.1286549707602339,0.06746541149622022,0.04535729567821994
Pradeep Sangwan,11.19,109.3,215,0.0,0.0,0.10232558139534884,0.03255813953488372,0.09767441860465116
Jaydev Shah,16.2,107.61,512,0.0,0.0,0.103515625,0.0390625,0.06640625
Umang Sharma,20.31,135.43,285,0.0,0.045454545454545456,0.11228070175438597,0.05964912280701754,0.06666666666666667
Dwayne Smith,26.63,127.61,6094,0.015723270440251572,0.14465408805031446,0.12307187397440104,0.06104364949130292,0.04791598293403348
Dale Steyn,8.33,110.88,248,0.0,0.0,0.08870967741935484,0.03225806451612903,0.13306451612903225
Pravin Tambe,9.5,52.77,72,0.0,0.0,0.013888888888888888,0.013888888888888888,0.05555555555555555
Andrew Tye,11.22,117.44,258,0.0,0.0,0.06589147286821706,0.06589147286821706,0.10465116279069768
Murali Vijay,25.43,121.55,3076,0.013157894736842105,0.13157894736842105,0.11280884265279584,0.043237971391417426,0.04778933680104031
Kyle Abbott,12.15,108.96,212,0.0,0.0,0.07075471698113207,0.0330188679245283,0.08962264150943396
Hashim Amla,33.23,128.82,3199,0.014492753623188406,0.1956521739130435,0.13723038449515473,0.02782119412316349,0.03876211316036261
Anureet Singh,12.28,104.24,165,0.0,0.0,0.06666666666666667,0.04242424242424243,0.08484848484848485
Armaan Jaffer,27.0,168.75,16,0.0,0.0,0.25,0.0625,0.0625
Farhaan Behardien,37.2,134.31,2133,0.0,0.08461538461538462,0.08204406938584154,0.053445850914205346,0.03609939052977028
KC Cariappa,7.0,80.76,26,0.0,0.0,0.0,0.038461538461538464,0.11538461538461539
Rishi Dhawan,31.0,114.15,869,0.0,0.03333333333333333,0.1047180667433832,0.01726121979286536,0.03682393555811277
Gurkeerat Singh Mann,20.9,123.12,934,0.0,0.07462686567164178,0.1349036402569593,0.034261241970021415,0.058886509635974305
Mitchell Johnson,12.8,105.26,304,0.0,0.0,0.0756578947368421,0.03289473684210526,0.08223684210526316
David Miller,36.15,139.01,4265,0.0125,0.1125,0.10128956623681125,0.06049237983587339,0.0384525205158265
Nikhil Naik,25.54,128.89,436,0.0,0.16,0.08944954128440367,0.052752293577981654,0.05045871559633028
Axar Patel,20.27,131.71,785,0.0,0.0,0.07898089171974522,0.05987261146496815,0.06496815286624204
Wriddhiman Saha,24.27,130.21,2181,0.006756756756756757,0.0945945945945946,0.11508482347546997,0.04585052728106373,0.05364511691884457
Pardeep Sahu,19.14,113.55,118,0.0,0.0,0.07627118644067797,0.03389830508474576,0.059322033898305086
Sandeep Sharma,12.2,89.7,68,0.0,0.0,0.07352941176470588,0.0,0.07352941176470588
Mohit Sharma,8.35,105.18,135,0.0,0.0,0.06666666666666667,0.037037037037037035,0.1259259259259259
Swapnil Singh,21.43,127.98,268,0.0,0.0,0.07835820895522388,0.06343283582089553,0.05970149253731343
Shardul Thakur,6.75,125.58,43,0.0,0.0,0.11627906976744186,0.023255813953488372,0.18604651162790697
Manan Vohra,26.07,127.36,1597,0.0,0.13414634146341464,0.1308703819661866,0.040701314965560426,0.048841577958672514
Shaun Marsh,39.22,128.62,4269,0.012269938650306749,0.25766871165644173,0.125556336378543,0.040758959943780745,0.03279456547200749
Glenn Maxwell,25.16,155.55,2961,0.00966183574879227,0.1111111111111111,0.13103681188787572,0.08071597433299561,0.06180344478216818
Marcus Stoinis,21.06,119.84,756,0.0,0.05454545454545454,0.09126984126984126,0.03439153439153439,0.056878306878306875
Gautam Gambhir,28.96,120.58,5309,0.0,0.2163265306122449,0.14070446411753626,0.016952345074401957,0.04162742512714259
Piyush Chawla,14.38,121.92,944,0.0,0.0,0.1038135593220339,0.04449152542372881,0.0847457627118644
Brad Hogg,15.26,105.4,333,0.0,0.02127659574468085,0.05405405405405406,0.024024024024024024,0.06906906906906907
Jason Holder,14.83,128.11,498,0.0,0.01694915254237288,0.09437751004016064,0.0642570281124498,0.08634538152610442
Sheldon Jackson,19.62,104.01,698,0.0,0.075,0.11174785100286533,0.027220630372492838,0.05300859598853868
Kuldeep Yadav,15.0,88.23,102,0.0,0.0,0.0784313725490196,0.0,0.058823529411764705
Chris Lynn,32.94,144.1,2469,0.008,0.184,0.11421628189550426,0.08221952207371405,0.04374240583232078
Manan Sharma,16.37,79.39,165,0.0,0.0,0.05454545454545454,0.012121212121212121,0.048484848484848485
Morne Morkel,9.0,113.11,183,0.0,0.0,0.08743169398907104,0.03825136612021858,0.12568306010928962
Colin Munro,30.39,147.09,3223,0.02185792349726776,0.14754098360655737,0.11635122556624262,0.0816009928637915,0.048402109835556935
Sunil Narine,14.35,147.04,1152,0.0,0.03821656050955414,0.13368055555555555,0.0876736111111111,0.10243055555555555
Manish Pandey,28.37,119.25,3474,0.005555555555555556,0.1111111111111111,0.10046056419113414,0.03223949337938975,0.042026482440990214
Yusuf Pathan,27.64,142.57,3199,0.0045662100456621,0.0958904109589041,0.11253516723976242,0.07252266333229133,0.051578618318224446
Ankit Rajpoot,4.83,67.44,43,0.0,0.0,0.09302325581395349,0.0,0.13953488372093023
Andre Russell,24.44,167.35,2454,0.009009009009009009,0.05855855855855856,0.11532192339038305,0.12306438467807661,0.06845965770171149
Rajagopal Sathish,19.0,128.92,560,0.0,0.0,0.11071428571428571,0.04107142857142857,0.06785714285714285
Shakib Al Hasan,20.71,122.25,3558,0.0,0.05952380952380952,0.11270376616076447,0.03147835862844295,0.05902192242833052
Shaun Tait,5.82,81.09,201,0.0,0.0,0.03980099502487562,0.03482587064676617,0.13930348258706468
Jaydev Unadkat,15.05,127.36,201,0.0,0.0,0.07960199004975124,0.06467661691542288,0.0845771144278607
Robin Uthappa,28.77,134.56,4383,0.0,0.14666666666666667,0.1375770020533881,0.04677161761350673,0.04677161761350673
Suryakumar Yadav,26.6,134.9,1361,0.0,0.07368421052631578,0.1278471711976488,0.04922850844966936,0.050698016164584865
Umesh Yadav,8.12,108.33,120,0.0,0.0,0.075,0.058333333333333334,0.13333333333333333
John Hastings,16.86,154.4,568,0.0,0.04054054054054054,0.10915492957746478,0.09154929577464789,0.09154929577464789
Rohit Sharma,32.4,133.11,5672,0.018050541516245487,0.18772563176895307,0.1156558533145275,0.05518335684062059,0.04107898448519041
Corey Anderson,27.49,142.93,1635,0.0,0.09433962264150944,0.09357798165137615,0.08623853211009175,0.05198776758409786
Jasprit Bumrah,9.85,90.78,76,0.0,0.0,0.05263157894736842,0.039473684210526314,0.09210526315789473
Jos Buttler,29.79,144.54,3545,0.0,0.15492957746478872,0.11988716502115655,0.06064880112834979,0.04851904090267983
Unmukt Chand,21.72,114.91,1153,0.046153846153846156,0.046153846153846156,0.10841283607979185,0.047701647875108416,0.05290546400693842
Marchant de Lange,11.35,133.61,119,0.0,0.0,0.11764705882352941,0.04201680672268908,0.11764705882352941
Shreyas Gopal,17.0,115.03,133,0.0,0.0,0.08270676691729323,0.03007518796992481,0.06766917293233082
Martin Guptill,32.62,128.21,4810,0.019230769230769232,0.19230769230769232,0.11101871101871102,0.0550935550935551,0.039293139293139295
Harbhajan Singh,15.01,130.06,1154,0.0,0.013422818791946308,0.12218370883882149,0.0632582322357019,0.08665511265164645
Siddhesh Lad,29.0,120.51,385,0.0,0.1,0.11688311688311688,0.033766233766233764,0.04155844155844156
Mitchell McClenaghan,6.67,121.76,170,0.0,0.0,0.07647058823529412,0.07058823529411765,0.18235294117647058
Hardik Pandya,26.23,131.86,1293,0.0,0.06382978723404255,0.08662026295436968,0.07037896365042537,0.050270688321732405
Krunal Pandya,26.86,146.96,658,0.0,0.04,0.1276595744680851,0.06231003039513678,0.0547112462006079
Parthiv Patel,22.87,122.43,3120,0.0,0.11731843575418995,0.1580128205128205,0.021474358974358974,0.05352564102564102
Kieron Pollard,30.28,151.11,5632,0.002577319587628866,0.10824742268041238,0.09730113636363637,0.09765625,0.04989346590909091
Deepak Punia,17.0,112.08,91,0.0,0.0,0.054945054945054944,0.054945054945054944,0.06593406593406594
Nitish Rana,27.31,135.63,1027,0.0,0.14035087719298245,0.11295034079844206,0.07108081791626096,0.04965920155793573
Ambati Rayudu,26.46,125.96,3362,0.005434782608695652,0.125,0.10707911957168352,0.044021415823914334,0.04759071980963712
Jitesh Sharma,28.28,131.9,536,0.04,0.2,0.15485074626865672,0.027985074626865673,0.04664179104477612
Nathu Singh,0.5,20.0,5,0.0,0.0,0.0,0.0,0.4
Tim Southee,11.76,150.11,439,0.0,0.02531645569620253,0.12300683371298406,0.07972665148063782,0.1275626423690205
Jagadeesha Suchith,11.33,115.9,88,0.0,0.0,0.06818181818181818,0.045454545454545456,0.10227272727272728
Jerome Taylor,10.36,117.52,194,0.0,0.0,0.08247422680412371,0.061855670103092786,0.1134020618556701
Vinay Kumar,15.1,125.62,601,0.0,0.012345679012345678,0.08818635607321132,0.04991680532445923,0.08319467554076539
Akshay Wakhare,11.16,111.66,60,0.0,0.0,0.08333333333333333,0.03333333333333333,0.1
Lasith Malinga,7.76,102.29,349,0.0,0.0,0.0659025787965616,0.054441260744985676,0.1318051575931232
Lendl Simmons,29.11,115.82,4877,0.004629629629629629,0.19907407407407407,0.10928849702686078,0.04633996309206479,0.039778552388763586
MS Dhoni,38.44,136.18,4461,0.0,0.09022556390977443,0.0941492938802959,0.05985205110961668,0.0354180676978256
Ankit Sharma,10.75,111.2,232,0.0,0.0,0.10344827586206896,0.034482758620689655,0.10344827586206896
Baba Aparajith,23.92,107.3,602,0.0,0.03225806451612903,0.08471760797342193,0.019933554817275746,0.044850498338870434
Murugan Ashwin,9.25,84.09,88,0.0,0.0,0.03409090909090909,0.022727272727272728,0.09090909090909091
Ravichandran Ashwin,13.97,114.64,512,0.0,0.0,0.103515625,0.02734375,0.08203125
George Bailey,28.27,129.21,2779,0.0,0.11976047904191617,0.1104713925872616,0.03670385030586542,0.0456998920474991
Ankush Bains,20.69,102.67,524,0.0,0.10714285714285714,0.11068702290076336,0.019083969465648856,0.04961832061068702
Rajat Bhatia,22.09,118.08,973,0.011235955056179775,0.011235955056179775,0.07913669064748201,0.0421377183967112,0.05344295991778006
Scott Boland,9.33,103.7,27,0.0,0.0,0.07407407407407407,0.0,0.1111111111111111
Deepak Chahar,11.38,142.3,104,0.0,0.0,0.07692307692307693,0.09615384615384616,0.125
Ashok Dinda,4.31,68.33,120,0.0,0.0,0.041666666666666664,0.0,0.15833333333333333
Peter Handscomb,21.81,113.49,615,0.022727272727272728,0.045454545454545456,0.07967479674796749,0.027642276422764227,0.05203252032520325
Jaskaran Singh,0.0,163.63,11,0.0,0.0,0.18181818181818182,0.0,0.0
Usman Khawaja,31.69,127.03,1472,0.03125,0.140625,0.15353260869565216,0.021059782608695652,0.04008152173913043
Albie Morkel,26.25,138.02,2948,0.0,0.044897959183673466,0.08649932157394843,0.08005427408412483,0.05257801899592944
Ishwar Pandey,6.27,123.21,56,0.0,0.0,0.125,0.03571428571428571,0.19642857142857142
Irfan Pathan,22.8,124.65,1537,0.0,0.014814814814814815,0.09108653220559532,0.043591411841249185,0.05465191932335719
Thisara Perera,19.84,145.41,2006,0.0,0.029411764705882353,0.10269192422731804,0.07826520438683948,0.0732801595214357
Ajinkya Rahane,30.24,118.52,3828,0.005917159763313609,0.20118343195266272,0.12147335423197492,0.022204806687565307,0.03918495297805643
Ishant Sharma,6.87,74.32,74,0.0,0.0,0.05405405405405406,0.013513513513513514,0.10810810810810811
RP Singh,4.32,72.97,148,0.0,0.0,0.02702702702702703,0.013513513513513514,0.16891891891891891
Saurabh Tiwary,29.34,121.62,2123,0.0,0.09322033898305085,0.09373528026377767,0.046161092793217146,0.04145077720207254
Adam Zampa,5.17,85.0,140,0.0,0.0,0.07142857142857142,0.007142857142857143,0.16428571428571428
Faf du Plessis,27.45,124.67,3259,0.006060606060606061,0.12727272727272726,0.11015648972077324,0.03528689782141761,0.045412703283215713
Mitchell Marsh,31.02,122.53,1114,0.0,0.1,0.07001795332136446,0.05745062836624776,0.03949730700179533
Kevin Pietersen,33.89,136.89,4160,0.015544041450777202,0.18134715025906736,0.11899038461538461,0.052884615384615384,0.04038461538461539
Steven Smith,29.81,125.48,2637,0.006993006993006993,0.08391608391608392,0.10845657944634055,0.0291998483124763,0.04209328782707622
Virat Kohli,40.75,133.33,5808,0.017094017094017096,0.23931623931623933,0.12362258953168044,0.04183884297520661,0.03271349862258953
Varun Aaron,10.5,75.0,140,0.0,0.0,0.07142857142857142,0.014285714285714285,0.07142857142857142
Abu Nechim,9.73,125.0,148,0.0,0.0,0.07432432432432433,0.06756756756756757,0.12837837837837837
Sreenath Aravind,11.66,100.0,105,0.0,0.0,0.10476190476190476,0.0,0.08571428571428572
Stuart Binny,19.04,124.74,1099,0.0,0.0,0.09008189262966333,0.04640582347588717,0.06551410373066424
Yuzvendra Chahal,5.87,64.38,73,0.0,0.0,0.0136986301369863,0.0,0.1095890410958904
AB de Villiers,35.36,147.91,4495,0.012875536480686695,0.19313304721030042,0.1221357063403782,0.06651835372636263,0.04182424916573971
Praveen Dubey,9.25,100.0,37,0.0,0.0,0.08108108108108109,0.02702702702702703,0.10810810810810811
Chris Gayle,40.3,148.29,8127,0.06086956521739131,0.21739130434782608,0.11307985726590378,0.10951150486034207,0.036790943767687954
Travis Head,31.72,136.86,1275,0.014925373134328358,0.11940298507462686,0.09333333333333334,0.0603921568627451,0.043137254901960784
Iqbal Abdulla,12.64,96.19,184,0.0,0.0,0.06521739130434782,0.021739130434782608,0.07608695652173914
Kedar Jadhav,23.77,136.28,1221,0.0,0.0851063829787234,0.11793611793611794,0.04832104832104832,0.05733005733005733
Chris Jordan,16.89,120.14,675,0.0,0.0,0.08592592592592592,0.044444444444444446,0.07111111111111111
Akshay Karnewar,14.9,145.13,113,0.0,0.0,0.1504424778761062,0.04424778761061947,0.09734513274336283
Sarfaraz Khan,19.69,144.26,314,0.0,0.027777777777777776,0.14012738853503184,0.04777070063694268,0.0732484076433121
Vikramjeet Malik,12.6,113.17,167,0.0,0.0,0.11976047904191617,0.029940119760479042,0.08982035928143713
Mandeep Singh,25.99,125.03,2141,0.0,0.09016393442622951,0.13451658103689865,0.029425502101821578,0.04810836057916861
Parvez Rasool,16.75,96.84,571,0.0,0.02631578947368421,0.08231173380035026,0.01926444833625219,0.05779334500875657
Harshal Patel,13.06,145.18,270,0.0,0.022727272727272728,0.10740740740740741,0.0962962962962963,0.1111111111111111
Lokesh Rahul,38.79,139.98,1718,0.02666666666666667,0.22666666666666666,0.12223515715948778,0.05820721769499418,0.03608847497089639
Kane Richardson,13.41,117.52,194,0.0,0.0,0.061855670103092786,0.05154639175257732,0.08762886597938144
Sachin Baby,21.23,130.42,700,0.0,0.0625,0.11857142857142858,0.03142857142857143,0.06142857142857143
Tabraiz Shamsi,5.1,54.83,93,0.0,0.0,0.010752688172043012,0.010752688172043012,0.10752688172043011
Vikas Tokas,9.0,112.5,8,0.0,0.0,0.125,0.0,0.125
Shane Watson,29.82,139.61,5021,0.018867924528301886,0.1509433962264151,0.12029476199960168,0.07388966341366261,0.046803425612427806
David Wiese,20.92,145.56,992,0.0,0.03508771929824561,0.10383064516129033,0.07459677419354839,0.06955645161290322
Samuel Badree,9.15,81.33,225,0.0,0.0,0.03111111111111111,0.022222222222222223,0.08888888888888889
Adam Milne,18.33,120.43,137,0.0,0.0,0.08759124087591241,0.021897810218978103,0.06569343065693431
Mitchell Starc,8.26,87.32,142,0.0,0.0,0.07746478873239436,0.0,0.1056338028169014
David Warner,35.21,142.4,5539,0.02390438247011952,0.23904382470119523,0.14154179454775231,0.05831377504964795,0.04044051272792923
Ashish Reddy,13.95,128.72,477,0.0,0.0,0.07127882599580712,0.05870020964360587,0.09224318658280922
Ricky Bhui,28.47,118.65,504,0.0,0.17857142857142858,0.0873015873015873,0.05357142857142857,0.041666666666666664
Bipul Sharma,21.24,137.38,634,0.0,0.03076923076923077,0.08990536277602523,0.05993690851735016,0.06466876971608833
Trent Boult,4.5,61.01,59,0.0,0.0,0.0,0.0,0.13559322033898305
Ben Cutting,21.34,151.18,932,0.0,0.011235955056179775,0.08047210300429185,0.10193133047210301,0.07081545064377683
Shikhar Dhawan,31.8,122.95,4941,0.0,0.21296296296296297,0.13964784456587737,0.028131957093705726,0.03865614248127909
Moises Henriques,26.82,125.88,2557,0.0,0.09554140127388536,0.10089949159170904,0.03480641376613219,0.046929996089166995
Deepak Hooda,21.23,140.04,849,0.014084507042253521,0.07042253521126761,0.08598351001177856,0.06595995288574794,0.06595995288574794
Siddarth Kaul,7.33,86.84,76,0.0,0.0,0.05263157894736842,0.0,0.11842105263157894
Bhuvneshwar Kumar,8.85,98.76,242,0.0,0.0,0.08264462809917356,0.01652892561983471,0.1115702479338843
Abhimanyu Mithun,5.41,119.48,77,0.0,0.0,0.11688311688311688,0.03896103896103896,0.22077922077922077
Eoin Morgan,25.78,127.84,4316,0.0,0.11382113821138211,0.09962928637627433,0.053985171455050975,0.04958294717330862
Mustafizur Rahman,3.44,46.26,67,0.0,0.0,0.014925373134328358,0.029850746268656716,0.13432835820895522
Naman Ojha,20.81,117.6,2301,0.0,0.08666666666666667,0.10299869621903521,0.055193394176445025,0.05649717514124294
Vijay Shankar,27.26,126.23,648,0.0,0.08888888888888889,0.08487654320987655,0.044753086419753084,0.046296296296296294
Karn Sharma,19.62,123.02,925,0.0,0.024390243902439025,0.08540540540540541,0.05189189189189189,0.0627027027027027
Barinder Sran,14.0,119.14,47,0.0,0.0,0.1276595744680851,0.02127659574468085,0.0851063829787234
Tirumalasetti Suman,24.53,125.69,1230,0.013888888888888888,0.06944444444444445,0.11788617886178862,0.052845528455284556,0.05121951219512195
Aditya Tare,26.8,131.95,1280,0.0,0.10526315789473684,0.14140625,0.040625,0.04921875
Kane Williamson,30.05,123.54,3309,0.0064516129032258064,0.17419354838709677,0.11786038077969176,0.028709579933514657,0.041100030220610456
Yuvraj Singh,25.88,129.01,3632,0.0,0.125,0.1013215859030837,0.06965859030837004,0.049834801762114536
Ashish Nehra,5.3,67.64,102,0.0,0.0,0.0392156862745098,0.029411764705882353,0.12745098039215685
Matt Henry,13.22,163.01,219,0.0,0.0,0.1004566210045662,0.1141552511415525,0.1232876712328767
Michael Hussey,37.45,124.9,3658,0.006711409395973154,0.2348993288590604,0.11563696008747949,0.0330781848004374,0.03335155822854018
Mithun Manhas,21.66,104.55,1119,0.0,0.013888888888888888,0.09115281501340483,0.01876675603217158,0.04825737265415549
Ronit More,5.0,62.5,16,0.0,0.0,0.0625,0.0,0.125
Rahul Sharma,5.03,98.49,133,0.0,0.0,0.07518796992481203,0.03759398496240601,0.19548872180451127
Srikar Bharat,13.66,90.88,406,0.0,0.034482758620689655,0.08374384236453201,0.022167487684729065,0.0665024630541872
Chidhambaram Gautam,17.03,108.95,469,0.0,0.024390243902439025,0.1044776119402985,0.02771855010660981,0.06396588486140725
Angelo Mathews,25.63,120.48,2021,0.0,0.06923076923076923,0.08461157842652152,0.03809995051954478,0.047006432459178626
Domnic Muthuswami,3.66,52.38,21,0.0,0.0,0.0,0.0,0.14285714285714285
Gurinder Sandhu,6.16,92.5,40,0.0,0.0,0.075,0.025,0.15
Manoj Tiwary,29.95,116.91,2613,0.0,0.10638297872340426,0.09758897818599312,0.029468044393417527,0.03903559127439724
Parvinder Awana,4.4,51.16,43,0.0,0.0,0.046511627906976744,0.023255813953488372,0.11627906976744186
Beuran Hendricks,7.0,67.74,31,0.0,0.0,0.0,0.03225806451612903,0.0967741935483871
Karanveer Singh,18.0,66.66,54,0.0,0.0,0.05555555555555555,0.0,0.037037037037037035
Virender Sehwag,26.89,147.83,2747,0.012738853503184714,0.15286624203821655,0.1772843101565344,0.05351292318893338,0.0549690571532581
Shivam Sharma,5.66,94.44,18,0.0,0.0,0.16666666666666666,0.0,0.16666666666666666
Azhar Mahmood,25.56,135.32,3023,0.00966183574879227,0.08695652173913043,0.12669533575917963,0.04565001653986107,0.05292755540853457
Johan Botha,19.41,113.15,1733,0.0,0.013513513513513514,0.0,0.0,0.058280438545874204
Pat Cummins,13.31,122.59,239,0.0,0.0,0.06694560669456066,0.058577405857740586,0.09205020920502092
Aditya Garhwal,19.36,134.79,273,0.0,0.047619047619047616,0.17216117216117216,0.03663003663003663,0.0695970695970696
Sumit Narwal,21.3,162.94,170,0.0,0.0,0.11764705882352941,0.08823529411764706,0.07647058823529412
Veer Pratap Singh,0.5,33.33,3,0.0,0.0,0.0,0.0,0.6666666666666666
Vaibhav Rawal,32.33,159.01,61,0.0,0.0,0.11475409836065574,0.06557377049180328,0.04918032786885246
Ryan ten Doeschate,29.29,134.87,4757,0.0070921985815602835,0.09574468085106383,0.08345595963842758,0.0567584612150515,0.04603741854109733
James Neesham,25.71,137.83,970,0.0,0.0547945205479452,0.09896907216494845,0.060824742268041236,0.05360824742268041
Aiden Blizzard,24.61,132.57,1541,0.0,0.10638297872340426,0.14665801427644387,0.04153147306943543,0.05386112913692408
Alex Hales,29.06,142.29,3636,0.010526315789473684,0.16842105263157894,0.16006600660066006,0.04977997799779978,0.048954895489548955
Ben Hilfenhaus,9.31,97.61,210,0.0,0.0,0.047619047619047616,0.0380952380952381,0.10476190476190476
Pragyan Ojha,4.16,69.44,108,0.0,0.0,0.0,0.027777777777777776,0.16666666666666666
Josh Hazlewood,5.5,47.82,23,0.0,0.0,0.0,0.0,0.08695652173913043
Abhishek Nayar,21.51,123.77,1043,0.0,0.0375,0.10258868648130393,0.04697986577181208,0.05752636625119847
Dinesh Salunkhe,16.5,137.5,24,0.0,0.0,0.20833333333333334,0.0,0.08333333333333333
Rahul Tewatia,25.25,147.08,206,0.0,0.0,0.1407766990291262,0.05825242718446602,0.05825242718446602
Rusty Theron,9.5,107.54,212,0.0,0.0,0.06132075471698113,0.03773584905660377,0.11320754716981132
Sagar Trivedi,2.0,80.0,5,0.0,0.0,0.0,0.0,0.4
Dishant Yagnik,18.91,116.96,566,0.0,0.06521739130434782,0.12367491166077739,0.03180212014134275,0.061837455830388695
Sean Abbott,9.63,105.29,302,0.0,0.0,0.06622516556291391,0.03642384105960265,0.10927152317880795
S Badrinath,28.75,112.74,2040,0.0,0.11818181818181818,0.10637254901960784,0.020588235294117647,0.0392156862745098
Shishir  Bhavane,23.0,135.29,17,0.0,0.0,0.23529411764705882,0.0,0.058823529411764705
Manvinder  Bisla,21.7,110.7,1196,0.0,0.09375,0.11956521739130435,0.029264214046822744,0.05100334448160535
Nic Maddinson,23.69,131.17,1373,0.0,0.11904761904761904,0.12527312454479242,0.05462490895848507,0.055353241077931534
Rilee Rossouw,26.47,131.21,2441,0.0,0.12121212121212122,0.13273248668578452,0.042605489553461696,0.04956984842277755
Darren Sammy,20.89,141.31,2469,0.0,0.02531645569620253,0.09275010125556905,0.08667476711219117,0.06763872012960713
Sandeep Warrier,4.33,43.33,30,0.0,0.0,0.03333333333333333,0.0,0.1
Jalaj Saxena,16.71,88.1,664,0.0,0.023809523809523808,0.08734939759036145,0.007530120481927711,0.05271084337349398
Yogesh Takawale,29.21,109.44,614,0.0,0.15384615384615385,0.10423452768729642,0.029315960912052116,0.03745928338762215
Vijay Zol,27.86,125.14,334,0.06666666666666667,0.13333333333333333,0.1467065868263473,0.03293413173652695,0.04491017964071856
Ravi Bopara,27.23,120.3,5162,0.0035087719298245615,0.10877192982456141,0.09356838434715227,0.034289035257652076,0.04416892677256877
Padmanabhan Prasanth,17.55,132.21,239,0.0,0.0,0.09205020920502092,0.07112970711297072,0.07531380753138076
Laxmi Shukla,20.7,120.63,824,0.0,0.046875,0.08737864077669903,0.04854368932038835,0.05825242718446602
Hanuma Vihari,21.38,111.12,1097,0.0,0.0625,0.09480401093892434,0.023701002734731084,0.05195989061075661
David Hussey,30.03,133.2,4577,0.00398406374501992,0.12350597609561753,0.09263709853615906,0.05221760978807079,0.044352195761415775
Milind Kumar,27.8,109.87,658,0.0,0.05714285714285714,0.11094224924012158,0.013677811550151976,0.03951367781155015
Wayne Parnell,19.28,121.45,1016,0.0,0.027777777777777776,0.10531496062992125,0.03641732283464567,0.06299212598425197
HS Sharath,2.0,44.44,18,0.0,0.0,0.0,0.0,0.2222222222222222
Rahul Shukla,8.57,107.14,56,0.0,0.0,0.07142857142857142,0.03571428571428571,0.125
Ross Taylor,31.54,133.12,4241,0.004201680672268907,0.12184873949579832,0.09219523697241216,0.06531478424899788,0.04220702664465928
Lakshmipathy Balaji,4.9,87.09,62,0.0,0.0,0.06451612903225806,0.03225806451612903,0.1774193548387097
Murali Kartik,12.8,110.34,290,0.0,0.0,0.09655172413793103,0.017241379310344827,0.08620689655172414
Cheteshwar Pujara,25.48,105.18,1042,0.0,0.12,0.11612284069097889,0.01727447216890595,0.04126679462571977
Debabrata Das,27.69,130.9,550,0.0,0.046511627906976744,0.10363636363636364,0.06,0.04727272727272727
Jacques Kallis,30.88,112.45,3927,0.0,0.1871345029239766,0.11128087598675834,0.02546473134708429,0.036414565826330535
Sayan Mondal,19.92,111.15,233,0.0,0.125,0.09871244635193133,0.02145922746781116,0.055793991416309016
Ben Dunk,23.6,128.87,1392,0.0,0.11392405063291139,0.1235632183908046,0.03807471264367816,0.05459770114942529
Sushant Marathe,33.57,134.28,175,0.0,0.125,0.15428571428571428,0.03428571428571429,0.04
Krishmar Santokie,8.9,94.17,189,0.0,0.0,0.05291005291005291,0.0582010582010582,0.10582010582010581
Apoorv Wankhade,25.88,129.68,539,0.0,0.0,0.07792207792207792,0.04638218923933209,0.05009276437847866
Kevon Cooper,12.76,138.92,542,0.0,0.0,0.0959409594095941,0.07749077490774908,0.1088560885608856
Brad Hodge,36.84,131.28,5641,0.007662835249042145,0.1839080459770115,0.12568693494061337,0.04396383619925545,0.0356319801453643
Tanmay Mishra,19.26,98.91,370,0.0,0.05263157894736842,0.06756756756756757,0.02702702702702703,0.051351351351351354
Muttiah Muralitharan,3.37,73.63,110,0.0,0.0,0.02727272727272727,0.01818181818181818,0.21818181818181817
Ravi Rampaul,9.61,103.59,167,0.0,0.0,0.059880239520958084,0.03592814371257485,0.10778443113772455
Sachin Rana,22.55,111.41,587,0.0,0.05263157894736842,0.0919931856899489,0.030664395229982964,0.049403747870528106
Srikkanth Anirudha,26.12,124.52,1007,0.0,0.11666666666666667,0.11817279046673287,0.04667328699106256,0.047666335650446874
Manprit Juneja,29.65,127.38,745,0.025,0.1,0.12483221476510067,0.022818791946308724,0.042953020134228186
Prasanth Parameswaran,7.5,75.0,20,0.0,0.0,0.1,0.0,0.1
Amit Paunikar,20.04,111.96,376,0.0,0.045454545454545456,0.14361702127659576,0.02127659574468085,0.05585106382978723
Brendan Taylor,27.04,119.76,2484,0.0078125,0.171875,0.10950080515297907,0.030595813204508857,0.04428341384863124
Venugopal Rao,23.55,121.71,1142,0.0,0.09859154929577464,0.09369527145359019,0.043782837127845885,0.05166374781085814
Akila Dananjaya,7.3,82.02,89,0.0,0.0,0.0449438202247191,0.011235955056179775,0.11235955056179775
Imtiaz Ahmed,15.0,166.66,90,0.0,0.0,0.12222222222222222,0.12222222222222222,0.1111111111111111
Nuwan Kulasekara,10.67,120.06,329,0.0,0.0,0.0729483282674772,0.0486322188449848,0.11246200607902736
Ben Laughlin,5.09,89.91,119,0.0,0.0,0.04201680672268908,0.03361344537815126,0.17647058823529413
Dirk Nannes,8.25,83.54,79,0.0,0.0,0.0379746835443038,0.012658227848101266,0.10126582278481013
Mahela Jayawardene,29.29,132.02,4150,0.014018691588785047,0.16822429906542055,0.1527710843373494,0.0327710843373494,0.04506024096385542
Ajit Agarkar,14.3,125.43,228,0.0,0.0,0.10087719298245613,0.03508771929824561,0.08771929824561403
Gulam Bodi,26.95,110.6,1706,0.0,0.15789473684210525,0.11019929660023446,0.03575615474794842,0.041031652989449004
Bharat Chipli,21.57,117.35,386,0.0,0.07142857142857142,0.13471502590673576,0.031088082901554404,0.054404145077720206
Jeevan Mendis,21.88,120.26,1638,0.0,0.02608695652173913,0.08485958485958486,0.042735042735042736,0.054945054945054944
Yogesh Nagar,20.03,109.78,511,0.0,0.0,0.07827788649706457,0.03131115459882583,0.0547945205479452
Sujit Nayak,45.0,180.0,25,0.0,0.0,0.12,0.12,0.04
Ben Rohrer,26.2,133.09,1260,0.0,0.03333333333333333,0.09523809523809523,0.04206349206349207,0.050793650793650794
Aristh Singhvi,0.0,87.5,8,0.0,0.0,0.125,0.0,0.0
Roelof van der Merwe,21.74,132.06,1597,0.0,0.05714285714285714,0.11772072636192861,0.05134627426424546,0.06073888541014402
Jesse Ryder,25.62,145.25,2382,0.006993006993006993,0.17482517482517482,0.15869017632241814,0.06297229219143577,0.05667506297229219
Adam Gilchrist,27.03,140.28,1869,0.029411764705882353,0.12745098039215685,0.15837346174424827,0.06420545746388442,0.051899411449973246
Bhargav Bhatt,10.71,122.95,61,0.0,0.0,0.09836065573770492,0.04918032786885246,0.11475409836065574
Siddharth Chitnis,28.33,153.15,333,0.0,0.03571428571428571,0.11411411411411411,0.08108108108108109,0.05405405405405406
Aniket Choudhary,8.42,89.39,66,0.0,0.0,0.07575757575757576,0.015151515151515152,0.10606060606060606
Manpreet Gony,14.12,153.79,303,0.0,0.0,0.10231023102310231,0.09570957095709572,0.10891089108910891
Harmeet Singh,4.4,110.0,20,0.0,0.0,0.15,0.0,0.25
Dimitri Mascarenhas,19.09,127.32,1065,0.0,0.03,0.08450704225352113,0.048826291079812206,0.06666666666666667
Michael Neser,17.05,114.62,253,0.0,0.0,0.07509881422924901,0.03162055335968379,0.06719367588932806
Luke Pomersbach,26.12,129.8,946,0.018518518518518517,0.09259259259259259,0.12896405919661733,0.048625792811839326,0.049682875264270614
Nitin Saini,17.95,101.61,742,0.0,0.06521739130434782,0.09299191374663072,0.008086253369272238,0.05660377358490566
Sunny Singh,23.03,119.32,502,0.0,0.125,0.13147410358565736,0.02390438247011952,0.05179282868525897
Paul Valthaty,23.57,126.5,615,0.029411764705882353,0.08823529411764706,0.17235772357723578,0.03902439024390244,0.05365853658536585
Ryan Harris,10.86,103.46,231,0.0,0.0,0.05194805194805195,0.025974025974025976,0.09523809523809523
Brad Haddin,22.39,126.22,1384,0.0,0.10989010989010989,0.10404624277456648,0.04841040462427745,0.05635838150289017
Brett Lee,13.86,131.23,317,0.0,0.0,0.0946372239747634,0.0694006309148265,0.0946372239747634
Ryan McLaren,22.68,118.03,1403,0.0,0.023809523809523808,0.09907341411261582,0.023521026372059873,0.05203136136849608
Sachithra Senanayake,9.85,93.55,295,0.0,0.0,0.05423728813559322,0.023728813559322035,0.09491525423728814
James Pattinson,6.28,83.01,53,0.0,0.0,0.03773584905660377,0.018867924528301886,0.1320754716981132
Ricky Ponting,22.72,110.98,819,0.0,0.11627906976744186,0.09157509157509157,0.030525030525030524,0.04884004884004884
Amitoze Singh,18.0,124.85,173,0.0,0.0,0.09826589595375723,0.046242774566473986,0.06936416184971098
James Franklin,27.49,124.73,3505,0.0,0.07142857142857142,0.07817403708987161,0.05135520684736091,0.04536376604850214
Phillip Hughes,42.69,117.21,947,0.0,0.29411764705882354,0.11826821541710665,0.01689545934530095,0.027455121436114043
Javed Khan,0.0,0.0,1,0.0,0.0,0.0,0.0,1.0
Jacob Oram,16.58,126.1,881,0.0,0.047058823529411764,0.09080590238365494,0.06242905788876277,0.07604994324631101
Munaf Patel,6.57,88.46,52,0.0,0.0,0.09615384615384616,0.0,0.1346153846153846
Sachin Tendulkar,32.9,121.08,2310,0.010416666666666666,0.16666666666666666,0.15541125541125542,0.01645021645021645,0.0367965367965368
Udit Birla,24.09,107.94,491,0.0,0.041666666666666664,0.09164969450101833,0.032586558044806514,0.04480651731160896
Raiphi Gomez,22.64,130.06,592,0.0,0.038461538461538464,0.10641891891891891,0.05405405405405406,0.057432432432432436
Harpreet Singh,30.43,114.39,1091,0.0,0.1836734693877551,0.08524289642529789,0.034830430797433545,0.03758020164986251
Dheeraj Jadhav,23.52,92.35,484,0.0,0.043478260869565216,0.0743801652892562,0.004132231404958678,0.03925619834710744
Anustup Majumdar,18.39,101.19,418,0.0,0.0,0.1291866028708134,0.004784688995215311,0.05502392344497608
Ajantha Mendis,6.79,84.54,233,0.0,0.0,0.06437768240343347,0.02575107296137339,0.12446351931330472
Ali Murtaza,19.83,86.23,138,0.0,0.0,0.07246376811594203,0.007246376811594203,0.043478260869565216
Mahesh Rawat,33.91,122.65,940,0.0,0.16666666666666666,0.11808510638297873,0.026595744680851064,0.036170212765957444
Marlon Samuels,31.96,117.93,3876,0.011049723756906077,0.16022099447513813,0.1001031991744066,0.049277605779153764,0.0368937048503612
Tamim Iqbal,29.93,119.11,3971,0.011560693641618497,0.1791907514450867,0.12490556534877864,0.033996474439687736,0.03978846638126417
Krishnakant  Upadhyay,4.75,79.16,24,0.0,0.0,0.041666666666666664,0.041666666666666664,0.16666666666666666
Shrikant Wagh,13.75,102.8,214,0.0,0.0,0.06074766355140187,0.028037383177570093,0.07476635514018691
Luke Wright,28.45,144.09,4996,0.025089605734767026,0.13620071684587814,0.1477181745396317,0.05484387510008006,0.050640512409927944
Michael Clarke,21.05,108.22,681,0.0,0.025,0.08370044052863436,0.01762114537444934,0.0513950073421439
Rahul Dravid,27.51,113.87,2271,0.0,0.12871287128712872,0.13694407749889917,0.014971378247468076,0.041391457507705856
Fidel Edwards,6.37,86.44,118,0.0,0.0,0.059322033898305086,0.025423728813559324,0.13559322033898305
Shreevats Goswami,24.79,109.07,1432,0.0,0.11764705882352941,0.11452513966480447,0.018156424581005588,0.04399441340782123
Ashok Menaria,17.8,114.54,653,0.0,0.021739130434782608,0.08116385911179173,0.05206738131699847,0.06431852986217458
Kusal Perera,24.13,132.99,1488,0.0,0.19767441860465115,0.12432795698924731,0.05577956989247312,0.05510752688172043
Owais Shah,32.79,125.03,4406,0.0,0.1382488479262673,0.09600544711756695,0.048797094870630955,0.038129822968679075
Siddharth Trivedi,5.91,92.2,77,0.0,0.0,0.06493506493506493,0.012987012987012988,0.15584415584415584
Ajit  Chandila,18.87,105.59,143,0.0,0.07692307692307693,0.04895104895104895,0.06993006993006994,0.055944055944055944
Ankeet Chavan,17.11,128.33,120,0.0,0.0,0.06666666666666667,0.058333333333333334,0.075
Sreesanth,9.12,76.84,95,0.0,0.0,0.1368421052631579,0.0,0.08421052631578947
KP Appanna,13.0,130.0,10,0.0,0.0,0.2,0.0,0.1
Arun Karthik,20.77,124.21,669,0.0,0.05660377358490566,0.11061285500747384,0.04035874439461883,0.059790732436472344
Chris Barnwell,18.25,119.53,901,0.0,0.02666666666666667,0.0732519422863485,0.05771365149833518,0.06548279689234185
Daniel Christian,23.28,137.72,2722,0.009523809523809525,0.05714285714285714,0.0881704628949302,0.06722997795738428,0.059147685525349006
Tillakaratne Dilshan,27.04,122.82,4228,0.004608294930875576,0.15668202764976957,0.14971617786187322,0.026017029328287606,0.04541154210028382
Andrew McDonald,31.69,124.41,1401,0.0,0.13580246913580246,0.09564596716630978,0.029978586723768737,0.039257673090649536
Abhinav Mukund,26.96,110.3,660,0.0,0.09090909090909091,0.10151515151515152,0.010606060606060607,0.04090909090909091
Pankaj Singh,5.54,70.93,86,0.0,0.0,0.011627906976744186,0.023255813953488372,0.12790697674418605
Sunny Sohal,18.96,116.03,474,0.0,0.06896551724137931,0.11392405063291139,0.04852320675105485,0.06118143459915612
Jamaluddin Syed Mohammad,22.38,110.71,364,0.0,0.0,0.09065934065934066,0.024725274725274724,0.04945054945054945
Daniel Vettori,16.01,119.65,870,0.0,0.011111111111111112,0.10114942528735632,0.028735632183908046,0.07471264367816093
Kumar Sangakkara,29.27,126.45,5417,0.0,0.16342412451361868,0.13513014583717925,0.025106147314011444,0.04319734170204911
Anand Rajan,11.0,183.33,6,0.0,0.0,0.0,0.16666666666666666,0.16666666666666666
Nathan McCullum,16.51,125.91,1285,0.0,0.02962962962962963,0.08482490272373541,0.049805447470817124,0.07626459143968872
Clint McKay,11.5,115.44,259,0.0,0.0,0.05791505791505792,0.05019305019305019,0.10038610038610038
Dwaraka Ravi Teja,24.06,110.77,1086,0.016129032258064516,0.06451612903225806,0.10220994475138122,0.02578268876611418,0.04604051565377532
Akshath Reddy,24.12,124.58,968,0.017857142857142856,0.07142857142857142,0.10433884297520661,0.04442148760330578,0.05165289256198347
Biplab Samantray,19.46,113.56,737,0.02,0.06,0.09497964721845319,0.028493894165535955,0.05834464043419267
Thalaivan Sargunam,10.0,58.82,17,0.0,0.0,0.0,0.0,0.058823529411764705
Sudeep Tyagi,2.5,71.42,7,0.0,0.0,0.0,0.0,0.2857142857142857
Cameron White,31.73,127.09,4145,0.009345794392523364,0.16355140186915887,0.08829915560916768,0.05307599517490953,0.040048250904704465
Doug Bollinger,6.27,95.83,72,0.0,0.0,0.06944444444444445,0.027777777777777776,0.1527777777777778
Joginder Sharma,15.17,126.11,337,0.0,0.02564102564102564,0.10089020771513353,0.05934718100890208,0.0830860534124629
Suraj Randiv,17.7,138.82,255,0.0,0.03333333333333333,0.13333333333333333,0.03529411764705882,0.0784313725490196
Yo Mahesh,9.6,105.49,91,0.0,0.0,0.08791208791208792,0.03296703296703297,0.10989010989010989
Scott Styris,25.76,134.58,2987,0.010752688172043012,0.06989247311827956,0.08838299296953465,0.06528289253431536,0.05222631402745229
Kuthethurshri Vasudevadas,17.14,123.71,97,0.0,0.0,0.10309278350515463,0.020618556701030927,0.07216494845360824
Ganapathi Vignesh,18.0,122.72,44,0.0,0.0,0.13636363636363635,0.06818181818181818,0.06818181818181818
Tekkami Atchuta Rao,3.0,54.54,11,0.0,0.0,0.0,0.0,0.18181818181818182
Akash Bhandari,11.91,111.38,246,0.0,0.0,0.06910569105691057,0.044715447154471545,0.09349593495934959
Darren Bravo,32.32,119.99,2236,0.0,0.13513513513513514,0.0755813953488372,0.0648479427549195,0.03711985688729875
Kedar Devdhar,27.04,120.29,1079,0.02,0.12,0.1371640407784986,0.025023169601482854,0.04448563484708063
Daniel Harris,29.77,127.43,1542,0.0136986301369863,0.1232876712328767,0.12840466926070038,0.040207522697795074,0.042801556420233464
Ishank Jaggi,35.69,121.63,1262,0.017543859649122806,0.15789473684210525,0.12995245641838352,0.02694136291600634,0.03407290015847861
Abhishek Jhunjhunwala,18.15,103.96,454,0.0,0.0625,0.08149779735682819,0.01762114537444934,0.05726872246696035
Syed Quadri,21.66,98.48,66,0.0,0.25,0.06060606060606061,0.015151515151515152,0.045454545454545456
Tanmay Srivastava,22.1,114.13,368,0.0,0.09090909090909091,0.11413043478260869,0.019021739130434784,0.051630434782608696
TP Sudhindra,12.5,94.93,79,0.0,0.0,0.06329113924050633,0.0,0.0759493670886076
Arjun Yadav,14.14,111.23,178,0.0,0.0,0.09550561797752809,0.03932584269662921,0.07865168539325842
Puneet Bisht,15.0,127.03,307,0.0,0.0,0.1237785016286645,0.04234527687296417,0.08469055374592833
Robin Bist,12.06,83.18,232,0.0,0.0,0.05603448275862069,0.0,0.06896551724137931
Doug Bracewell,27.63,146.64,358,0.0,0.0,0.0782122905027933,0.08379888268156424,0.05307262569832402
Sunny Gupta,6.75,96.42,56,0.0,0.0,0.14285714285714285,0.017857142857142856,0.14285714285714285
Prashant Naik,20.5,136.66,60,0.0,0.0,0.16666666666666666,0.03333333333333333,0.06666666666666667
Kuldeep Raval,38.44,171.28,202,0.0,0.25,0.14356435643564355,0.0891089108910891,0.04455445544554455
Aavishkar Salvi,0.0,69.56,23,0.0,0.0,0.0,0.0,0.0
Tejashwi Yadav,3.0,75.0,4,0.0,0.0,0.0,0.0,0.25
Travis Birt,22.79,129.0,1696,0.0,0.08571428571428572,0.10554245283018868,0.05660377358490566,0.05660377358490566
Colin Ingram,30.86,139.25,3724,0.015228426395939087,0.16243654822335024,0.12298603651987111,0.06525241675617616,0.045112781954887216
Love Ablish,0.0,50.0,12,0.0,0.0,0.0,0.0,0.0
Amit Yadav,13.08,139.55,225,0.0,0.0,0.04888888888888889,0.10222222222222223,0.10666666666666667
Ramesh Powar,18.0,102.85,70,0.0,0.0,0.1,0.014285714285714285,0.05714285714285714
Nathan Rimmington,10.68,105.18,193,0.0,0.0,0.05181347150259067,0.031088082901554404,0.09844559585492228
Shalabh Srivastava,2.0,85.71,7,0.0,0.0,0.0,0.0,0.42857142857142855
Stuart Broad,7.6,102.01,149,0.0,0.0,0.06711409395973154,0.020134228187919462,0.1342281879194631
Chirag Jani,22.5,134.83,267,0.0,0.0,0.09363295880149813,0.056179775280898875,0.0599250936329588
Iresh Saxena,1.0,12.5,8,0.0,0.0,0.0,0.0,0.125
Herschelle Gibbs,25.29,123.14,3163,0.005988023952095809,0.16766467065868262,0.12772684160607017,0.0379386658235852,0.04868795447360101
Davy Jacobs,25.86,117.56,1452,0.0,0.1,0.09779614325068871,0.04132231404958678,0.045454545454545456
Richard Levi,28.64,144.81,3501,0.015873015873015872,0.1746031746031746,0.14910025706940874,0.06998000571265353,0.050556983718937444
Robin Peterson,16.41,111.6,1103,0.0,0.030927835051546393,0.11332728921124206,0.025385312783318223,0.06799637352674524
Sourav Ganguly,25.01,107.0,1613,0.0,0.1095890410958904,0.11407315561066336,0.03161810291382517,0.04277743335399876
Callum Ferguson,25.2,123.5,1510,0.011764705882352941,0.09411764705882353,0.09933774834437085,0.02384105960264901,0.04900662251655629
Kamran Khan,22.0,122.22,18,0.0,0.0,0.1111111111111111,0.0,0.05555555555555555
Harshad Khadiwale,24.23,124.01,508,0.0,0.11538461538461539,0.13582677165354332,0.023622047244094488,0.051181102362204724
Mohnish  Mishra,20.43,133.18,675,0.0,0.06382978723404255,0.17037037037037037,0.03851851851851852,0.06518518518518518
Graeme Smith,29.86,123.08,1941,0.011627906976744186,0.12790697674418605,0.15095311695002575,0.02627511591962906,0.04121586810922205
Alfonso Thomas,12.05,106.77,384,0.0,0.0,0.10416666666666667,0.018229166666666668,0.08854166666666667
James Hopes,22.58,124.09,1183,0.0,0.12658227848101267,0.14116652578191038,0.018596787827557058,0.054945054945054944
Dinesh Chandimal,27.56,116.07,2090,0.0,0.16,0.10191387559808612,0.028229665071770334,0.042105263157894736
Aakash Chopra,18.55,91.25,366,0.0,0.05263157894736842,0.07650273224043716,0.00273224043715847,0.04918032786885246
Paul Collingwood,21.54,121.47,2040,0.007633587786259542,0.06870229007633588,0.08186274509803922,0.04215686274509804,0.056372549019607844
Aditya Dole,17.0,154.54,22,0.0,0.0,0.13636363636363635,0.045454545454545456,0.09090909090909091
Samad Fallah,3.0,60.0,15,0.0,0.0,0.06666666666666667,0.0,0.2
Faiz Fazal,20.11,105.12,995,0.0,0.05555555555555555,0.09949748743718594,0.016080402010050253,0.05226130653266332
Abhishek Raut,19.3,109.34,353,0.0,0.0,0.07932011331444759,0.031161473087818695,0.056657223796033995
Pinal Shah,15.36,110.55,417,0.0,0.05405405405405406,0.11270983213429256,0.019184652278177457,0.07194244604316546
Amit Singh,2.16,54.16,24,0.0,0.0,0.08333333333333333,0.0,0.25
Raju Bhatkal,9.55,102.38,84,0.0,0.0,0.05952380952380952,0.023809523809523808,0.10714285714285714
Mohammad Kaif,21.7,102.99,1201,0.0,0.10294117647058823,0.0974188176519567,0.02164862614487927,0.04746044962531224
Abrar Kazi,0.0,144.44,9,0.0,0.0,0.0,0.1111111111111111,0.0
Charl Langeveldt,10.25,85.41,96,0.0,0.0,0.0625,0.020833333333333332,0.08333333333333333
Ryan Ninan,3.0,50.0,6,0.0,0.0,0.0,0.0,0.16666666666666666
Asad Pathan,23.42,148.75,441,0.0,0.12121212121212122,0.17006802721088435,0.06349206349206349,0.06349206349206349
Hemang Badani,25.76,119.21,281,0.0,0.0,0.10676156583629894,0.028469750889679714,0.046263345195729534
Chandrasekar Ganapathy,4.11,94.87,39,0.0,0.0,0.02564102564102564,0.05128205128205128,0.23076923076923078
Matthew Hayden,36.26,136.91,1192,0.0,0.26,0.1518456375838926,0.05285234899328859,0.037751677852348994
Justin Kemp,28.45,124.44,1166,0.0,0.05,0.07890222984562607,0.060891938250428816,0.04373927958833619
Makhaya Ntini,5.0,69.76,43,0.0,0.0,0.11627906976744186,0.0,0.13953488372093023
Thilan Thushara,11.09,112.01,208,0.0,0.0,0.057692307692307696,0.0625,0.10096153846153846
Anirudh Singh,10.77,89.81,108,0.0,0.0,0.09259259259259259,0.009259259259259259,0.08333333333333333
Azhar Bilakhia,23.56,107.71,350,0.0,0.15789473684210525,0.12571428571428572,0.008571428571428572,0.045714285714285714
VVS Laxman,22.31,114.71,428,0.0,0.12,0.13317757009345793,0.018691588785046728,0.0514018691588785
Kemar Roach,7.37,113.46,52,0.0,0.0,0.057692307692307696,0.057692307692307696,0.15384615384615385
Bodapati Sumanth,27.66,122.66,203,0.0,0.058823529411764705,0.07389162561576355,0.034482758620689655,0.04433497536945813
Andrew Symonds,32.43,147.35,1453,0.023529411764705882,0.1411764705882353,0.13351686166551963,0.05712319339298004,0.04542326221610461
Chaminda Vaas,18.16,110.52,608,0.0,0.08695652173913043,0.09868421052631579,0.024671052631578948,0.06085526315789474
Joginder Singh,16.0,139.13,23,0.0,0.0,0.13043478260869565,0.043478260869565216,0.08695652173913043
Farveez Maharoof,17.88,117.91,804,0.0,0.0136986301369863,0.08208955223880597,0.046019900497512436,0.06592039800995025
Sarandeep Singh,53.0,100.0,53,0.0,0.0,0.09433962264150944,0.018867924528301886,0.018867924528301886
Yusuf Abdulla,8.66,70.27,37,0.0,0.0,0.02702702702702703,0.02702702702702703,0.08108108108108109
Adrian Barath,24.15,106.5,907,0.0,0.13636363636363635,0.10033076074972437,0.02866593164277839,0.044101433296582136
Karan Goel,19.97,91.88,739,0.0,0.07692307692307693,0.07713125845737483,0.02435723951285521,0.046008119079837616
Reetinder Sodhi,5.0,81.81,55,0.0,0.0,0.05454545454545454,0.0,0.16363636363636364
Shane Bond,4.0,103.22,31,0.0,0.0,0.06451612903225806,0.03225806451612903,0.25806451612903225
Rohan Gavaskar,16.14,99.12,114,0.0,0.0,0.14035087719298245,0.008771929824561403,0.06140350877192982
Chirag Pathak,15.38,84.38,237,0.0,0.07692307692307693,0.0970464135021097,0.0,0.05485232067510549
Dilhara Fernando,4.7,92.15,51,0.0,0.0,0.11764705882352941,0.0,0.19607843137254902
Sanath Jayasuriya,22.71,140.08,1654,0.009174311926605505,0.11009174311926606,0.1523579201934704,0.06892382103990327,0.06166868198307134
Chandan Madan,23.92,110.28,282,0.0,0.11764705882352941,0.10638297872340426,0.02127659574468085,0.04609929078014184
Ishan Malhotra,14.85,97.19,107,0.0,0.0,0.14018691588785046,0.009345794392523364,0.06542056074766354
Graham Napier,15.66,148.33,813,0.010416666666666666,0.0,0.11685116851168512,0.09348093480934809,0.09471094710947109
Syed Shahabuddin,13.53,117.34,173,0.0,0.0,0.10404624277456648,0.04046242774566474,0.08670520231213873
Shane Warne,9.54,92.1,228,0.0,0.0,0.06578947368421052,0.03070175438596491,0.09649122807017543
Swapnil Asnodkar,24.27,124.19,1368,0.0,0.1780821917808219,0.13742690058479531,0.031432748538011694,0.05116959064327485
Michael Lumb,24.01,137.91,3605,0.0045662100456621,0.1187214611872146,0.16560332871012481,0.04882108183079057,0.05742024965325936
Amit Uniyal,18.0,75.0,24,0.0,0.0,0.041666666666666664,0.0,0.041666666666666664
Adam Voges,31.02,126.88,3203,0.0,0.1130952380952381,0.10708710583827662,0.0209178894786138,0.04089915704027474
Damien Martyn,29.16,149.57,117,0.0,0.16666666666666666,0.1452991452991453,0.05128205128205128,0.05128205128205128
Anil Kumble,11.5,77.96,59,0.0,0.0,0.05084745762711865,0.0,0.06779661016949153
Balachandra Akhil,17.83,148.61,216,0.0,0.0,0.1388888888888889,0.05555555555555555,0.08333333333333333
Mark Boucher,28.12,115.41,1194,0.0,0.05263157894736842,0.08626465661641541,0.032663316582914576,0.04103852596314908
Dillon du Preez,20.05,130.65,522,0.0,0.0,0.05938697318007663,0.06513409961685823,0.06513409961685823
Sridharan Sriram,21.18,99.57,234,0.0,0.0,0.06837606837606838,0.008547008547008548,0.04700854700854701
Palani  Amarnath,1.0,33.33,3,0.0,0.0,0.0,0.0,0.3333333333333333
Andrew Flintoff,22.76,142.88,478,0.0,0.08333333333333333,0.13179916317991633,0.06485355648535565,0.06276150627615062
Vidyut Sivaramakrishnan,20.5,129.74,316,0.0,0.047619047619047616,0.13924050632911392,0.03481012658227848,0.06329113924050633
Abhinav Kumar,56.0,186.66,30,0.0,0.5,0.13333333333333333,0.1,0.03333333333333333
Halhadar Das,18.4,96.84,190,0.0,0.058823529411764705,0.06842105263157895,0.02631578947368421,0.05263157894736842
Jaskaran Singh,9.0,110.2,49,0.0,0.0,0.10204081632653061,0.04081632653061224,0.12244897959183673
Doddapaneni Kalyankrishna,2.0,50.0,20,0.0,0.0,0.05,0.0,0.25
PM Sarvesh Kumar,0.0,50.0,2,0.0,0.0,0.0,0.0,0.0
Shoaib Ahmed,0.5,16.66,6,0.0,0.0,0.0,0.0,0.3333333333333333
Chamara Silva,24.1,120.93,1156,0.015151515151515152,0.045454545454545456,0.1046712802768166,0.03373702422145329,0.050173010380622836
Paidikalva Vijaykumar,6.0,120.0,10,0.0,0.0,0.1,0.1,0.2
Nuwan Zoysa,20.3,118.02,172,0.0,0.0,0.1569767441860465,0.01744186046511628,0.05813953488372093
Glenn McGrath,3.0,50.0,18,0.0,0.0,0.05555555555555555,0.0,0.16666666666666666
Ajitesh Argal,8.25,173.68,19,0.0,0.0,0.15789473684210525,0.10526315789473684,0.21052631578947367
Ranadeb Bose,3.5,140.0,5,0.0,0.0,0.2,0.0,0.4
Simon Katich,30.28,126.61,1961,0.0,0.09900990099009901,0.12799592044875063,0.024987251402345742,0.041815400305966345
Uday Kaul,13.0,130.0,10,0.0,0.0,0.3,0.0,0.1
Taruwar Kohli,10.07,70.85,199,0.0,0.0,0.03015075376884422,0.01507537688442211,0.07035175879396985
Wilkin Mota,15.2,91.56,249,0.0,0.058823529411764705,0.07630522088353414,0.012048192771084338,0.060240963855421686
Ravikant Shukla,17.5,107.45,228,0.0,0.0,0.08333333333333333,0.03070175438596491,0.06140350877192982
Vikram Singh,13.0,125.8,31,0.0,0.0,0.0967741935483871,0.03225806451612903,0.0967741935483871
Arindam Ghosh,18.78,100.0,263,0.0,0.05555555555555555,0.07604562737642585,0.0076045627376425855,0.053231939163498096
Mashrafe Mortaza,13.55,132.16,687,0.0,0.011363636363636364,0.0858806404657933,0.08151382823871907,0.0975254730713246
Shoaib Shaikh,25.31,121.25,334,0.058823529411764705,0.11764705882352941,0.09580838323353294,0.038922155688622756,0.04790419161676647
Morne van Wyk,31.55,124.92,2905,0.007633587786259542,0.19083969465648856,0.13803786574870913,0.030292598967297763,0.039586919104991396
Yashpal Singh,24.55,102.62,1029,0.0,0.1276595744680851,0.09912536443148688,0.012633624878522837,0.04178814382896016
Kyle Mills,10.75,99.01,304,0.0,0.0,0.0625,0.02631578947368421,0.09210526315789473
Mohammad Ashraful,23.21,117.54,1106,0.016666666666666666,0.06666666666666667,0.12658227848101267,0.024412296564195298,0.05063291139240506
Chetanya Nanda,6.66,100.0,20,0.0,0.0,0.1,0.0,0.15
Rohan Raje,3.85,96.42,28,0.0,0.0,0.07142857142857142,0.03571428571428571,0.25
Luke Ronchi,24.37,153.11,2372,0.005952380952380952,0.11904761904761904,0.15050590219224283,0.07040472175379427,0.06281618887015177
Aditya Angle,8.0,106.66,15,0.0,0.0,0.06666666666666667,0.0,0.13333333333333333
Lee Carseldine,31.36,125.21,476,0.0,0.16666666666666666,0.1092436974789916,0.01680672268907563,0.03991596638655462
Shane Harwood,16.83,132.89,76,0.0,0.0,0.06578947368421052,0.06578947368421052,0.07894736842105263
Tyron Henderson,20.14,142.9,902,0.0,0.0945945945945946,0.12084257206208426,0.06541019955654102,0.07095343680709534
Justin Langer,28.19,136.42,744,0.0,0.13157894736842105,0.1693548387096774,0.02956989247311828,0.04838709677419355
Abdulahad Malek,21.4,137.17,234,0.0,0.11764705882352941,0.14957264957264957,0.038461538461538464,0.0641025641025641
Niraj Patel,34.17,119.02,804,0.0,0.17647058823529413,0.13059701492537312,0.01990049751243781,0.03482587064676617
Rob Quiney,18.47,121.97,1106,0.0,0.09210526315789473,0.10669077757685352,0.051537070524412296,0.06600361663652803
Gajendra Singh,10.5,77.77,27,0.0,0.0,0.037037037037037035,0.0,0.07407407407407407
Ashraf Makda,8.83,126.19,42,0.0,0.0,0.14285714285714285,0.023809523809523808,0.14285714285714285
Rangaraj Suthesh,0.0,212.5,8,0.0,0.0,0.375,0.0,0.0
Jagadeesh Arunkumar,11.28,101.28,78,0.0,0.0,0.16666666666666666,0.01282051282051282,0.08974358974358974
Saurabh Bandekar,14.4,108.96,357,0.0,0.03125,0.0700280112044818,0.03361344537815126,0.07563025210084033
Rajesh Bishnoi,18.05,142.23,457,0.0,0.10526315789473684,0.09409190371991247,0.09190371991247265,0.0787746170678337
Nathan Bracken,5.5,84.61,26,0.0,0.0,0.038461538461538464,0.038461538461538464,0.15384615384615385
Wasim Jaffer,28.0,129.14,477,0.0,0.2608695652173913,0.15723270440251572,0.023060796645702306,0.04612159329140461
Sunil Joshi,19.5,90.69,86,0.0,0.0,0.046511627906976744,0.011627906976744186,0.046511627906976744
Udit Patel,9.0,116.12,62,0.0,0.0,0.08064516129032258,0.06451612903225806,0.12903225806451613
Devraj Patil,18.23,113.94,208,0.0,0.0,0.13942307692307693,0.009615384615384616,0.0625
Jitendra Patil,4.0,57.14,7,0.0,0.0,0.0,0.0,0.14285714285714285
RK Sabharwal,1.0,14.28,7,0.0,0.0,0.0,0.0,0.14285714285714285
Tinu Yohannan,6.0,85.71,7,0.0,0.0,0.0,0.0,0.14285714285714285
Abdur Razzak,8.0,84.38,237,0.0,0.0,0.05063291139240506,0.02531645569620253,0.10548523206751055
Neravanda Aiyappa,0.0,0.0,1,0.0,0.0,0.0,0.0,1.0
Shivnarine Chanderpaul,23.52,105.77,1490,0.0,0.10256410256410256,0.11006711409395974,0.018120805369127517,0.04496644295302014
Misbah-ul-Haq,32.99,116.31,2893,0.007246376811594203,0.08695652173913043,0.0750086415485655,0.04631870031109575,0.03525751814725199
Ashley Noffke,14.61,139.15,189,0.0,0.0,0.10052910052910052,0.0582010582010582,0.09523809523809523
Napoleon Einstein,19.0,105.55,18,0.0,0.0,0.05555555555555555,0.0,0.05555555555555555
Stephen Fleming,23.14,121.91,949,0.0,0.11320754716981132,0.1643835616438356,0.023182297154899896,0.05268703898840885
Chamara Kapugedera,21.0,129.88,1536,0.0,0.06542056074766354,0.09505208333333333,0.056640625,0.061848958333333336
Suresh Kumar,31.55,179.74,158,0.0,0.07692307692307693,0.13291139240506328,0.10126582278481013,0.056962025316455694
Sanjay Bangar,15.24,124.5,306,0.0,0.07142857142857142,0.11437908496732026,0.05555555555555555,0.08169934640522876
Shahid Afridi,18.6,155.3,2564,0.004098360655737705,0.036885245901639344,0.11466458658346333,0.08853354134165367,0.08346333853354135
Robin Singh,38.0,122.58,31,0.0,0.0,0.06451612903225806,0.03225806451612903,0.03225806451612903
Brett Geeves,22.16,135.71,98,0.0,0.0,0.09183673469387756,0.061224489795918366,0.061224489795918366
Mohammad Asif,4.33,86.66,15,0.0,0.0,0.13333333333333333,0.0,0.2
Shoaib Malik,37.27,125.25,6487,0.0,0.15946843853820597,0.09680900262062586,0.03792199784183752,0.03360567288423
Mayank Tehlan,17.66,123.25,43,0.0,0.0,0.11627906976744186,0.0,0.06976744186046512
Pankaj Dharmani,9.4,111.9,42,0.0,0.0,0.09523809523809523,0.0,0.11904761904761904
Gagandeep Singh,12.0,88.88,27,0.0,0.0,0.037037037037037035,0.0,0.07407407407407407
Ramnaresh Sarwan,19.3,103.81,1153,0.0,0.07042253521126761,0.07285342584562012,0.024284475281873375,0.053772766695576756
Mohammad Hafeez,24.11,121.85,4195,0.008658008658008658,0.12554112554112554,0.13134684147794995,0.03623361144219309,0.05053635280095352
Salman Butt,37.31,114.55,1759,0.0,0.22727272727272727,0.14667424673109722,0.01648664013644116,0.030699260943718023
Shoaib Akhtar,5.35,98.68,76,0.0,0.0,0.05263157894736842,0.06578947368421052,0.18421052631578946
Tatenda Taibu,25.34,106.35,834,0.0,0.1111111111111111,0.07553956834532374,0.015587529976019185,0.04196642685851319
Umar Gul,8.63,105.35,467,0.0,0.0,0.06638115631691649,0.059957173447537475,0.12205567451820129
Saurasish Lahiri,8.85,94.65,131,0.0,0.0,0.09923664122137404,0.0,0.10687022900763359
Loots Bosman,25.42,132.46,1574,0.011764705882352941,0.12941176470588237,0.1156289707750953,0.06543837357052097,0.052096569250317665
Musavir Khote,29.4,137.38,107,0.0,0.14285714285714285,0.11214953271028037,0.056074766355140186,0.04672897196261682
Andre Nel,10.33,137.16,113,0.0,0.0,0.09734513274336283,0.07079646017699115,0.13274336283185842
Rajesh Pawar,2.33,50.0,14,0.0,0.0,0.0,0.0,0.21428571428571427
Shaun Pollock,21.07,141.89,401,0.0,0.029411764705882353,0.11221945137157108,0.06982543640897755,0.06733167082294264
Ashwell Prince,26.24,116.53,2117,0.0,0.13725490196078433,0.1086443079829948,0.02031176192725555,0.044402456306093525
Dominic Thornely,21.02,117.87,660,0.0,0.06,0.06515151515151515,0.04242424242424243,0.05606060606060606
Vikrant Yeligati,6.0,120.0,5,0.0,0.0,0.2,0.0,0.2
Kamran Akmal,27.15,132.41,3856,0.01932367149758454,0.16908212560386474,0.14937759336099585,0.04486514522821577,0.0487551867219917
Darren Lehmann,29.3,117.95,323,0.0,0.0,0.13312693498452013,0.006191950464396285,0.04024767801857585
Sohail Tanvir,16.61,120.74,1803,0.0,0.010582010582010581,0.08874098724348309,0.056017748197448695,0.07265668330560178
Younis Khan,30.55,117.3,1589,0.0,0.1282051282051282,0.09062303335431089,0.02328508495909377,0.03838892385147892
Rinku Singh,7.25,93.54,31,0.0,0.0,0.12903225806451613,0.0,0.16129032258064516
Mujeeb Ur Rahman,10.0,142.85,7,0.0,0.0,0.2857142857142857,0.0,1.4285714285714286
Evin Lewis,29.38,138.4,276,0.0,0.15384615384615385,0.11594202898550725,0.08695652173913043,0.04710144927536232
Mayank Markhande,10.5,87.5,24,0.0,0.0,0.08333333333333333,0.0,0.4166666666666667
Washington Sundar,18.5,148.0,50,0.0,0.0,0.1,0.08,0.22
Chris Woakes,10.5,95.45,66,0.0,0.0,0.015151515151515152,0.015151515151515152,0.19696969696969696
Aniket Choudhary,25.0,125.0,20,0.0,0.0,0.05,0.05,0.15
DArcy Short,16.42,116.16,99,0.0,0.0,0.1111111111111111,0.050505050505050504,0.0707070707070707
Ben Stokes,23.27,134.03,382,0.04,0.04,0.09162303664921466,0.0549738219895288,0.060209424083769635
Rahul Tripathi,26.82,142.16,434,0.0,0.11538461538461539,0.14055299539170507,0.0576036866359447,0.052995391705069124
Krishnappa Gowtham,14.0,196.87,64,0.0,0.0,0.140625,0.140625,0.171875
Rashid Khan,10.0,175.0,40,0.0,0.0,0.075,0.175,0.7
Billy Stanlake,0.0,250.0,2,0.0,0.0,0.5,0.0,2.5
